"forest_loss","forest_loss01","ost_initial_loss","ost_initial_loss01","ost_super_loss","ost_super_loss01","num_leaves","num_leaves01"
0.717554240631164,0.699605522682446,0.658678500986193,0.691222879684418,0.65138067061144,0.691222879684418,8,3
0.703976945244957,0.730893371757925,0.691700288184438,0.714121037463977,0.691700288184438,0.714121037463977,4,3
0.66576833650391,0.6356478545762,0.656415134221095,0.61863242443458,0.656415134221095,0.61863242443458,4,3
0.6621164136726,0.68848968002621,0.623621273342798,0.606530523097084,0.623621273342798,0.606530523097084,4,2
0.70853557476027,0.663667574286729,0.6382147507991,0.634367230969575,0.6382147507991,0.634367230969575,3,3
0.692614125753661,0.675602928509905,0.616655900086133,0.688038329026701,0.616655900086133,0.688038329026701,3,3
0.63764357169322,0.640360627392862,0.643324688156107,0.6428924292948,0.643324688156107,0.6428924292948,4,3
0.702879303017425,0.663195920101997,0.65427114322142,0.677645558861029,0.65427114322142,0.677645558861029,4,3
0.654512356575463,0.610326566637246,0.615456751985878,0.629192409532215,0.615456751985878,0.629192409532215,3,3
0.671766648321409,0.643093010456797,0.626802421574023,0.64105668684645,0.626802421574023,0.64105668684645,4,3
0.767236228940136,0.743756721233122,0.713705341139921,0.732345560998925,0.713705341139921,0.732345560998925,4,4
0.632838190271006,0.620705295384964,0.60227916997392,0.625864610500057,0.60227916997392,0.625864610500057,4,4
0.660088602496979,0.638743455497382,0.648711236407571,0.634816753926702,0.648711236407571,0.634816753926702,4,4
0.754487856388596,0.642977824709609,0.713199577613516,0.716789862724393,0.713199577613516,0.716789862724393,4,4
0.682373257678549,0.662390526705316,0.680708030097447,0.67620574811891,0.680708030097447,0.67620574811891,5,3
0.649382983329725,0.647380385364798,0.63666378003897,0.605109331024031,0.63666378003897,0.605109331024031,4,2
0.661763182430332,0.63223868227494,0.644462861286647,0.609344245312338,0.644462861286647,0.609344245312338,3,2
0.718069306930693,0.655816831683168,0.655816831683168,0.658477722772277,0.655816831683168,0.658477722772277,4,4
0.733509493051478,0.718095517713838,0.709336465061656,0.662556273243296,0.709336465061656,0.662556273243296,3,2
0.681036486172438,0.692249593306995,0.689751336277016,0.644376016732512,0.689751336277016,0.644376016732512,9,2
0.652474108170311,0.675436761167486,0.658646301914426,0.621090072183283,0.658646301914426,0.621090072183283,3,2
0.694643843180563,0.693152954168967,0.701214798453893,0.689453340695748,0.7,0.689453340695748,7,3
0.679883185443109,0.660339211501741,0.606874087386274,0.653936875210603,0.606874087386274,0.653936875210603,2,3
0.690388922826308,0.69283241702301,0.649358582773366,0.642486255345144,0.649358582773366,0.642486255345144,2,2
0.644486692015209,0.666666666666667,0.646018166455429,0.608629066328686,0.646018166455429,0.608629066328686,6,2
0.725465838509317,0.704347826086957,0.666403162055336,0.69553924336533,0.634443817052513,0.69553924336533,8,3
0.716682845652475,0.668908611843018,0.682429621411732,0.703647205658022,0.682429621411732,0.703647205658022,3,3
0.657009724473258,0.655237034035656,0.65984602917342,0.639485413290113,0.65984602917342,0.639485413290113,5,2
0.690018420446696,0.679196408012894,0.647363573566659,0.67746949113516,0.647363573566659,0.67746949113516,7,3
0.695028577590855,0.673676264423595,0.682411301628383,0.623207160573709,0.682411301628383,0.623207160573709,6,2
0.645076609878924,0.652201864352298,0.648291010393228,0.583949426765242,0.648291010393228,0.583949426765242,7,2
0.701095147191801,0.661559328845574,0.6577916206169,0.626293579825178,0.6577916206169,0.626293579825178,6,3
0.707526230831316,0.6579398708636,0.620964487489911,0.714537933817595,0.620964487489911,0.714537933817595,6,4
0.695240218481775,0.664641623007469,0.692620666592353,0.675064095418571,0.692620666592353,0.675064095418571,7,3
0.697856212246832,0.67327963993841,0.680978325239844,0.63715503967784,0.680978325239844,0.63715503967784,6,2
0.674523160762943,0.674591280653951,0.672479564032698,0.622683923705722,0.672479564032698,0.622683923705722,5,2
0.664092190756406,0.64637734461199,0.578766703444894,0.649380899840628,0.578766703444894,0.649380899840628,6,3
0.639654367118169,0.63626809901915,0.676377860812704,0.632589911256422,0.676377860812704,0.632589911256422,6,3
0.735546651402404,0.698568975386377,0.66937607326846,0.695878649112765,0.66937607326846,0.695878649112765,3,3
0.686141788386177,0.700570003562522,0.6782448640304,0.696473102956893,0.6782448640304,0.696473102956893,6,3
0.703374600638978,0.660343450479233,0.690245607028754,0.681509584664537,0.690245607028754,0.681509584664537,4,3
0.658114862797103,0.643680505967561,0.674334387432419,0.646281750484546,0.674334387432419,0.646281750484546,5,3
0.711426371934455,0.71494556252062,0.695919938414165,0.689816342241285,0.695919938414165,0.689816342241285,6,3
0.687092568448501,0.724961479198767,0.728932084864288,0.710738414128245,0.728932084864288,0.710738414128245,5,3
0.687293183322303,0.691319214648136,0.676759320538275,0.597672622986984,0.676759320538275,0.597672622986984,4,2
0.667773396970326,0.668707200664038,0.655893338866985,0.657138410458601,0.655893338866985,0.657138410458601,5,3
0.67374565325385,0.69846000993542,0.701440635866865,0.634997516145057,0.701440635866865,0.634997516145057,5,2
0.710520231213873,0.72271676300578,0.678612716763006,0.687919075144509,0.678612716763006,0.687919075144509,6,3
0.673809523809524,0.59671201814059,0.677324263038549,0.6968820861678,0.677324263038549,0.6968820861678,5,4
0.723335903366744,0.72153687997944,0.707722950398355,0.720444615780005,0.707722950398355,0.720444615780005,5,3
0.698759140261467,0.731553290494128,0.682694438289386,0.73061156658542,0.682694438289386,0.73061156658542,4,3
0.644888845743132,0.656877973012329,0.63867585671294,0.644694689835938,0.63867585671294,0.644694689835938,4,3
0.653639846743295,0.65528188286809,0.650684181718664,0.67383689107827,0.650684181718664,0.67383689107827,4,3
0.689093636168845,0.663863295478894,0.636918791514892,0.636865223912578,0.636918791514892,0.636865223912578,2,2
0.696254914132009,0.709238568177116,0.690202772605007,0.705669356507345,0.690202772605007,0.705669356507345,8,3
0.650564906617478,0.634367074014296,0.626815771270464,0.626873414802859,0.626815771270464,0.626873414802859,4,4
0.685952938779668,0.659671997555261,0.670265865335642,0.665783844351635,0.670265865335642,0.665783844351635,6,3
0.693783340172343,0.688756668034469,0.653057037340993,0.703785391875256,0.653057037340993,0.703785391875256,6,3
0.656180457212219,0.649605502731135,0.663766943151932,0.644244386000405,0.663766943151932,0.644244386000405,5,3
0.596723784890613,0.641286776592305,0.627761612242699,0.638808061213493,0.627761612242699,0.638808061213493,6,3
0.65150993225399,0.702204615914571,0.65455276151108,0.687047881501895,0.65455276151108,0.687047881501895,5,3
0.666335650446872,0.684651881275516,0.654584574644158,0.7046783625731,0.654584574644158,0.7046783625731,4,3
0.756552480799707,0.67109594050957,0.66658539558698,0.680421796903572,0.66658539558698,0.680421796903572,3,3
0.717785959121493,0.676970928018281,0.710168846007363,0.675447505395455,0.710168846007363,0.675447505395455,4,3
0.681721303156399,0.716380797726581,0.636963361412768,0.641936466050949,0.636963361412768,0.641936466050949,7,2
0.707738693467337,0.693316582914573,0.694422110552764,0.705879396984925,0.694422110552764,0.705879396984925,7,3
0.746238716148445,0.677908726178536,0.694458375125376,0.666311434302909,0.694458375125376,0.666311434302909,4,3
0.641230187887058,0.655715335362653,0.630313844861971,0.57835625065603,0.636191875721633,0.57835625065603,9,2
0.711268384385713,0.704909875041469,0.674057281875484,0.691031737255336,0.674057281875484,0.691031737255336,6,3
0.664143381943671,0.654291439385506,0.662028275631749,0.680952911054214,0.671490593342981,0.680952911054214,7,3
0.67173721340388,0.653824955908289,0.661706349206349,0.677854938271605,0.659611992945326,0.677854938271605,7,3
0.667358305121765,0.691875068253795,0.675548760511084,0.702304248116195,0.675548760511084,0.702304248116195,6,3
0.728460737828148,0.683647507806176,0.705504799352377,0.70012721174974,0.705504799352377,0.70012721174974,4,3
0.681539898308602,0.659593234409048,0.675832728027394,0.67334232645014,0.675832728027394,0.67334232645014,5,3
0.630988894764675,0.664463246959281,0.6011634056055,0.607244843997885,0.6011634056055,0.607244843997885,3,2
0.690284154361583,0.654671795508128,0.67117508375729,0.642697605161931,0.67117508375729,0.642697605161931,4,4
0.65062378390752,0.713402769829461,0.644729312120865,0.638090877875701,0.644729312120865,0.638090877875701,3,2
0.727385798281321,0.701831750339213,0.707315694255993,0.711047037539575,0.707315694255993,0.711047037539575,5,3
0.717527582748245,0.688628385155466,0.663239719157472,0.684804413239719,0.663239719157472,0.684804413239719,4,3
0.679609590494377,0.678071292170592,0.609696583916826,0.657171652875027,0.609696583916826,0.657171652875027,2,3
0.702095979841942,0.715267437865078,0.686290230214179,0.674435917993357,0.686290230214179,0.674435917993357,4,2
0.704787532234555,0.64356990694024,0.675748402287252,0.672104496019733,0.675748402287252,0.672104496019733,5,3
0.70518266779949,0.721378504672897,0.698226423109601,0.715909090909091,0.698226423109601,0.715909090909091,6,4
0.693687315634218,0.697286135693215,0.690029498525074,0.67882005899705,0.690029498525074,0.67882005899705,5,4
0.74711154302991,0.699438505560955,0.735989633948818,0.697170931864809,0.734585897851204,0.697170931864809,8,4
0.697314890154597,0.673660351040335,0.656631407648495,0.666395443449959,0.656631407648495,0.666395443449959,4,3
0.70531245989991,0.689593224688823,0.674258950340049,0.67522135249583,0.679263441550109,0.67522135249583,6,3
0.675821504958196,0.680488041998833,0.697598677814505,0.680488041998833,0.697598677814505,0.680488041998833,7,3
0.69120775230442,0.62367052706216,0.707279602930749,0.672122429685653,0.707279602930749,0.672122429685653,5,3
0.619909245604084,0.650311968235961,0.625127623369257,0.65263754963131,0.625127623369257,0.65263754963131,7,3
0.702082895013676,0.669577109194193,0.670050494424574,0.659004839049022,0.670050494424574,0.659004839049022,5,3
0.724353448275862,0.719450431034483,0.712553879310345,0.696605603448276,0.712553879310345,0.696605603448276,4,3
0.683807701506817,0.671250896914614,0.632922745754604,0.667663238459699,0.632922745754604,0.667663238459699,3,3
0.725713600383785,0.661609498680739,0.683137443031902,0.637083233389302,0.689973614775726,0.637083233389302,8,3
0.673563897920977,0.706424278254015,0.683860478864913,0.705291161690807,0.683860478864913,0.705291161690807,6,3
0.701273160128351,0.689783666287134,0.674516095642273,0.678759962736777,0.688903840182176,0.678759962736777,8,3
0.677849676455948,0.648780487804878,0.605226480836237,0.608710801393728,0.605226480836237,0.608710801393728,2,2
0.696793680297398,0.67599907063197,0.644400557620818,0.670306691449814,0.644400557620818,0.670306691449814,4,3
0.676583276988956,0.709432048681542,0.65500338066261,0.618323191345504,0.65500338066261,0.618323191345504,4,2
0.674147645879095,0.646499856747207,0.650272180307516,0.611737178874988,0.650272180307516,0.611737178874988,4,2
0.654563513960931,0.678843394768789,0.613398079682154,0.664882463304271,0.602141044034875,0.664882463304271,7,3
0.6690656727927,0.665145868140342,0.661804395321938,0.687636550571906,0.661804395321938,0.687636550571906,4,3
0.698659517426273,0.672922252010724,0.666286863270777,0.683646112600536,0.666286863270777,0.683646112600536,4,3
0.695278969957081,0.707928619832844,0.739100971312401,0.626157668850237,0.739100971312401,0.626157668850237,6,2
0.661817758640754,0.673978819969743,0.697020830908879,0.666181775864075,0.697020830908879,0.666181775864075,6,3
0.69187675070028,0.677696078431373,0.627392623716153,0.623074229691877,0.627392623716153,0.623074229691877,2,2
0.68026177398621,0.661622063807409,0.653733785205095,0.665127965408438,0.653733785205095,0.665127965408438,6,3
0.670699631772751,0.682693319305629,0.688795370857443,0.673645449763282,0.688795370857443,0.673645449763282,5,3
0.706543430311942,0.694884991072366,0.7124251654238,0.688163008087386,0.7124251654238,0.688163008087386,6,3
0.716587181574968,0.681691287658486,0.630801442363615,0.689135745027335,0.630801442363615,0.689135745027335,6,3
0.68458241630951,0.707749333951118,0.714351905478976,0.693270010425113,0.714351905478976,0.693270010425113,5,3
0.743633640059919,0.705916969826664,0.701369569869463,0.710250374491761,0.701369569869463,0.710250374491761,6,3
0.668059944948517,0.675502089917423,0.642675094301152,0.630339484147212,0.642675094301152,0.630339484147212,6,2
0.659616775126536,0.710954446854664,0.68118823812967,0.701132803085081,0.68118823812967,0.701132803085081,7,3
0.69875808272606,0.693472236477471,0.706866468233604,0.688494303602586,0.706866468233604,0.688494303602586,4,3
0.712091536954953,0.708122873930523,0.696783836717864,0.69714462426554,0.696783836717864,0.69714462426554,5,3
0.690994638363059,0.643669985775249,0.674143779406937,0.667195535616588,0.674143779406937,0.667195535616588,6,3
0.692489851150203,0.657532701849346,0.687810103743798,0.591283265674335,0.687810103743798,0.591283265674335,6,2
0.719904389395915,0.711592785745328,0.662429378531073,0.612179487179487,0.662429378531073,0.612179487179487,4,2
0.709426751592357,0.702484076433121,0.693885350318471,0.68312101910828,0.693885350318471,0.68312101910828,7,3
0.736095723465544,0.699756259694217,0.684079326390428,0.711056946598715,0.663361400398848,0.711056946598715,8,3
0.687250413947599,0.680042855751437,0.662997954611863,0.666504334274861,0.662997954611863,0.666504334274861,4,4
0.664394455805499,0.662235855487389,0.670415814587594,0.650590774823904,0.670415814587594,0.650590774823904,7,3
0.665670247547875,0.682578234469874,0.634329752452125,0.688510042036432,0.634329752452125,0.688510042036432,3,3
0.683839924891445,0.694460744044126,0.683194460744044,0.691585494660251,0.683194460744044,0.691585494660251,5,4
0.663536482298807,0.634237956615645,0.660202835947037,0.660155883181519,0.660202835947037,0.660155883181519,6,3
0.665192392746572,0.674148606811146,0.63843432109686,0.665247678018576,0.63843432109686,0.665247678018576,4,3
0.685014836795252,0.685608308605341,0.683086053412463,0.598417408506429,0.683086053412463,0.598417408506429,7,2
0.730090447827046,0.71299360247077,0.715971762629605,0.728711669975734,0.674387822634017,0.728711669975734,6,3
0.655531834735652,0.710975762903428,0.64674117794801,0.620745950018837,0.64674117794801,0.620745950018837,5,2
0.693316887194438,0.656088809150034,0.680421619197129,0.692812289751065,0.680421619197129,0.692812289751065,6,4
0.733709481137294,0.704226131209205,0.702124128775307,0.699247704392079,0.702124128775307,0.699247704392079,4,3
0.643494380720658,0.66151083304368,0.673908006024794,0.684103811841038,0.681670721816707,0.684103811841038,7,3
0.703845755157044,0.640199025603815,0.670985798693895,0.699906706748212,0.670985798693895,0.699906706748212,4,3
0.665385336583536,0.665807237952372,0.632477029814363,0.661213200825052,0.632477029814363,0.661213200825052,3,3
0.707330195023537,0.679085406859449,0.723806321452589,0.706455951580363,0.723806321452589,0.706455951580363,4,3
0.634442026732981,0.70008289296446,0.584861672365558,0.695782820433116,0.584861672365558,0.695782820433116,2,3
0.67025171624714,0.691590389016018,0.679862700228833,0.677231121281465,0.679862700228833,0.677231121281465,7,3
0.684613853503185,0.676851114649682,0.705015923566879,0.679189888535032,0.705015923566879,0.679189888535032,3,3
0.61454658642872,0.665231375804109,0.633741440132808,0.652936293836896,0.633741440132808,0.652936293836896,4,3
0.699254159495123,0.715031554790591,0.712392426850258,0.734767641996558,0.712392426850258,0.734767641996558,7,3
0.658736221761432,0.689184764815017,0.657426607006439,0.689948706755429,0.657426607006439,0.689948706755429,3,3
0.714372716199756,0.703593179049939,0.673568818514007,0.706881851400731,0.673568818514007,0.706881851400731,4,3
0.699544419134396,0.668906605922551,0.647892938496583,0.685933940774487,0.647892938496583,0.685933940774487,2,3
0.646591432519576,0.665591893136803,0.661906955320129,0.673883003224321,0.661906955320129,0.686434822662368,3,4
0.621997621878716,0.624554102259215,0.594411414982164,0.652972651605232,0.594411414982164,0.652972651605232,4,3
0.692897667577222,0.681183021643202,0.652710653498634,0.619720529523009,0.652710653498634,0.619720529523009,4,2
0.697398710865562,0.661889963167588,0.674896408839779,0.625460405156538,0.674896408839779,0.625460405156538,4,2
0.723002159827214,0.725431965442765,0.712634989200864,0.685151187904968,0.712634989200864,0.685151187904968,4,3
0.683484162895928,0.670984162895928,0.702545248868778,0.66985294117647,0.702545248868778,0.66985294117647,5,4
0.692640692640693,0.646040234275528,0.665138782785842,0.672268907563025,0.665138782785842,0.672268907563025,3,4
0.665770801978069,0.689851644807568,0.673618576650183,0.625994409804343,0.673618576650183,0.625994409804343,7,2
0.684479553903346,0.634526022304833,0.679309944237918,0.703705855018587,0.679309944237918,0.703705855018587,4,3
0.750692187311906,0.716203202118695,0.69501625135428,0.676658240038522,0.69501625135428,0.676658240038522,3,2
0.665376984126984,0.673065476190476,0.682936507936508,0.659325396825397,0.682936507936508,0.659325396825397,5,3
0.681771132834963,0.676423231742381,0.679355951696377,0.682978723404255,0.679355951696377,0.682978723404255,7,3
0.66097371631363,0.677775313297105,0.637351669069535,0.670954863036487,0.637351669069535,0.670954863036487,6,3
0.663213052280576,0.647493152316303,0.649160414433726,0.588305347147791,0.649160414433726,0.588305347147791,6,2
0.681918522978126,0.694260485651214,0.641430864940799,0.601595424443107,0.641430864940799,0.601595424443107,4,2
0.664391226499552,0.67205684870188,0.703950313339302,0.629923903312444,0.69980975828111,0.629923903312444,8,3
0.670843091334895,0.653981264637002,0.636065573770492,0.655035128805621,0.636065573770492,0.655035128805621,6,3
0.652611093091145,0.651854254514001,0.683263055465456,0.616174721591523,0.683263055465456,0.616174721591523,5,2
0.702603928734582,0.684444952032892,0.678962996802193,0.652523983554134,0.678962996802193,0.652523983554134,4,3
0.678124089717448,0.649431983687737,0.666715215069424,0.646421982716769,0.666715215069424,0.646421982716769,6,3
0.718172983479106,0.680575801749271,0.69029397473275,0.680879494655005,0.69029397473275,0.680879494655005,4,3
0.637691485571785,0.680738629616435,0.678838617741361,0.667854174088588,0.678838617741361,0.667854174088588,8,3
0.703789230607746,0.665949406948672,0.708197753752493,0.72231552429936,0.708197753752493,0.72231552429936,7,3
0.709846876047837,0.65709176260199,0.669945233039007,0.672124734547893,0.669945233039007,0.672124734547893,7,3
0.692078438147892,0.680675535590878,0.638432964754665,0.669790946786455,0.638432964754665,0.669790946786455,3,4
0.689234250327498,0.685185185185185,0.685244730260807,0.673692985590092,0.685244730260807,0.673692985590092,4,3
0.642260869565217,0.611188405797101,0.614608695652174,0.59895652173913,0.614608695652174,0.59895652173913,4,2
0.687696818329895,0.681507221196655,0.699370181344337,0.680747095232924,0.699370181344337,0.680747095232924,4,3
0.661790826454916,0.666440288371121,0.672552502350852,0.687075540695852,0.672552502350852,0.687075540695852,6,3
0.668783325254484,0.666892874454678,0.651575375666505,0.663451284537082,0.66282113427048,0.663451284537082,8,3
0.693952351863164,0.68514559152922,0.67252087151293,0.677866015068214,0.67252087151293,0.677866015068214,4,3
0.679141315578005,0.647055447135805,0.617954310641717,0.641315578004822,0.617954310641717,0.641315578004822,8,3
0.697520945713302,0.673935498680133,0.673132101457592,0.675427522093424,0.673132101457592,0.675427522093424,3,3
0.677482690916606,0.705228893252041,0.701715407667666,0.704660535289863,0.701715407667666,0.704660535289863,4,3
0.725,0.709263392857143,0.681808035714286,0.686049107142857,0.681808035714286,0.686049107142857,3,3
0.674505085858033,0.678934704145248,0.652521054358526,0.636388493929782,0.652521054358526,0.636388493929782,4,2
0.644240345247317,0.604514772601527,0.650547748146509,0.608221755007193,0.650547748146509,0.608221755007193,7,3
0.665050465070255,0.645656045913319,0.662527211557491,0.643924401345735,0.662527211557491,0.643924401345735,4,3
0.692484486324983,0.645426338772696,0.701735233279706,0.690703286600781,0.701735233279706,0.690703286600781,7,3
0.695740851829634,0.584223155368926,0.678584283143371,0.657948410317936,0.678584283143371,0.657948410317936,4,3
0.686085972850679,0.691647812971342,0.649462669683258,0.609210030165912,0.649462669683258,0.609210030165912,7,2
0.710641645128666,0.67546915383751,0.688448140240476,0.59585346668165,0.688448140240476,0.59585346668165,8,2
0.691940867906533,0.701299475441106,0.68550309966619,0.701955174058178,0.68550309966619,0.701955174058178,4,3
0.666628108733372,0.62325043377675,0.655523423944477,0.643782533256217,0.655523423944477,0.643782533256217,8,3
0.718450375745012,0.706789323658979,0.712878984192796,0.65703550142524,0.712878984192796,0.65703550142524,5,2
0.670761356365963,0.68637236084453,0.668586052463212,0.679654510556622,0.668586052463212,0.679654510556622,8,3
0.717163669474163,0.7151149556112,0.6867744138402,0.677896653767357,0.6867744138402,0.677896653767357,3,3
0.677316633053816,0.649187984290415,0.665003715104554,0.642341577327248,0.665003715104554,0.642341577327248,4,3
0.701683253470942,0.716979972969652,0.681287627472662,0.708317975181226,0.681287627472662,0.708317975181226,6,3
0.662698412698413,0.649290524290524,0.666305916305916,0.603054353054353,0.666305916305916,0.603054353054353,8,2
0.700957646361931,0.688518116299733,0.671932076216803,0.709300029617929,0.671932076216803,0.709300029617929,8,3
0.718452380952381,0.704513888888889,0.721130952380952,0.707589285714286,0.721130952380952,0.707589285714286,4,3
0.658370339770732,0.673396674584323,0.643137457399566,0.65847361354952,0.643137457399566,0.65847361354952,6,3
0.698262920866395,0.661001501179498,0.696225605833155,0.660465365644435,0.688826935449282,0.660465365644435,7,3
0.690248746807907,0.6609287808569,0.709354014943725,0.673460701787572,0.709354014943725,0.673460701787572,7,3
0.666609958035613,0.684416468186458,0.666836792559828,0.711579902461155,0.666836792559828,0.711579902461155,4,3
0.659606308276735,0.626971336479797,0.648785541613906,0.641303096581098,0.648785541613906,0.641303096581098,5,3
0.699949723479135,0.67833081950729,0.710859728506787,0.68667672197084,0.710859728506787,0.68667672197084,5,3
0.669244935543278,0.603069367710252,0.660650705954573,0.648250460405157,0.660650705954573,0.648250460405157,4,3
0.687165470903086,0.655620088828152,0.636544812663706,0.657783851497552,0.636544812663706,0.657783851497552,4,3
0.673488276429453,0.651789387083505,0.645516248457425,0.672819827231592,0.645516248457425,0.672819827231592,4,3
0.661200279134682,0.64741800418702,0.621598046057223,0.649744126541056,0.621598046057223,0.649744126541056,6,3
0.701073492981007,0.675710746726436,0.672230742007786,0.676123628642208,0.672230742007786,0.676123628642208,6,3
0.694279637299899,0.66931601925445,0.668308518974589,0.634277398410388,0.668308518974589,0.634277398410388,6,2
0.709708975299584,0.673025189532893,0.683357789190511,0.687637564196625,0.683357789190511,0.687637564196625,4,3
0.66010248166382,0.65824374560434,0.666783884256003,0.6661308148297,0.666783884256003,0.6661308148297,6,3
0.697696396928529,0.656231541642056,0.669344359125812,0.675546367395156,0.669344359125812,0.675546367395156,4,3
0.707976125881715,0.695659251220836,0.735594139989148,0.692349430276723,0.73657080846446,0.692349430276723,7,4
0.674646104269766,0.655541489239268,0.680170330302682,0.647427782253424,0.680170330302682,0.647427782253424,5,4
0.66794012978857,0.667416788779569,0.659828344149048,0.652710906426628,0.659828344149048,0.652710906426628,4,3
0.744060339409177,0.685292269013199,0.665933375235701,0.691703331238215,0.665933375235701,0.691703331238215,4,3
0.670001041992289,0.687350213608419,0.65906012295509,0.683651140981557,0.65906012295509,0.683651140981557,4,3
0.610970091601369,0.571625648383181,0.639223043814149,0.6101975499393,0.639223043814149,0.6101975499393,4,3
0.700514003986153,0.675128500996538,0.688083499423057,0.59697891534669,0.688083499423057,0.59697891534669,6,2
0.689307799720726,0.733592659086375,0.684570117693996,0.655495711151007,0.684570117693996,0.655495711151007,7,2
0.680600561676388,0.694534456686109,0.69701879455606,0.71797364441564,0.69701879455606,0.71797364441564,7,3
0.691392348754448,0.646296708185053,0.692170818505338,0.692893683274021,0.692170818505338,0.692893683274021,6,3
0.672927917351491,0.642463019488143,0.635184315567034,0.63142756515614,0.635184315567034,0.63142756515614,4,3
0.717163988778373,0.690130068859985,0.700012751849018,0.689301198673808,0.700012751849018,0.689301198673808,7,3
0.691977077363897,0.684302087597217,0.716025378632828,0.679185427752763,0.716025378632828,0.679185427752763,5,3
0.664944216089254,0.610921902524956,0.652906635349383,0.570522607163829,0.652906635349383,0.570522607163829,4,2
0.665061828501926,0.673829312791405,0.648844516521387,0.65173322521792,0.648844516521387,0.65173322521792,6,3
0.658944377663643,0.643263031362693,0.609113758059229,0.591465413615998,0.609113758059229,0.591465413615998,4,2
0.653794428434198,0.670749279538905,0.655043227665706,0.679634966378482,0.655043227665706,0.679634966378482,4,3
0.664475102392757,0.677247251562837,0.663882302220306,0.661726665229575,0.663882302220306,0.661726665229575,4,3
0.672495446265938,0.664420157862781,0.695506982392228,0.692167577413479,0.695506982392228,0.692167577413479,5,3
0.729532335964189,0.71881258098716,0.712922605725056,0.718635881729297,0.712922605725056,0.718635881729297,4,3
0.671337579617834,0.636746692797648,0.648260656540911,0.652915237628613,0.648260656540911,0.652915237628613,5,3
0.662864721485411,0.668103448275862,0.688925729442971,0.627718832891247,0.688925729442971,0.627718832891247,8,2
0.700518485121731,0.665633453561767,0.668845807033363,0.67143823264202,0.668845807033363,0.67143823264202,4,3
0.669944247339078,0.697465788139888,0.71454637607704,0.70476431829701,0.71454637607704,0.70476431829701,5,4
0.680041152263374,0.673525377229081,0.658664837677183,0.672153635116598,0.658664837677183,0.672153635116598,4,4
0.694692618591789,0.694320357370772,0.654967028291853,0.659434162944054,0.654967028291853,0.659434162944054,6,3
0.671640381528001,0.643686844838984,0.656247048824252,0.647653225044858,0.656247048824252,0.647653225044858,6,3
0.696531176846138,0.713449670142584,0.682645243668866,0.663705043626303,0.682645243668866,0.663705043626303,6,2
0.692253438344892,0.667744210650053,0.683202068884448,0.698189726107911,0.679910661807923,0.698189726107911,7,3
0.702581492014876,0.68174360096259,0.672938087945745,0.692791511704222,0.672938087945745,0.692791511704222,3,3
0.695598891730605,0.659153878942881,0.661498294970162,0.660219522591645,0.661498294970162,0.660219522591645,4,4
0.673713962690786,0.653193894855851,0.689089881288864,0.653985302430752,0.689089881288864,0.653985302430752,6,3
0.675160752560133,0.634258156703977,0.662717313646106,0.667956656346749,0.662717313646106,0.667956656346749,4,3
0.71273516642547,0.716292812349252,0.699167872648336,0.706705258080077,0.699167872648336,0.706705258080077,6,3
0.721650879566982,0.68660351826793,0.684709066305819,0.677807848443843,0.684709066305819,0.677807848443843,3,3
0.651989225031082,0.66193535018649,0.653646912556983,0.612049316203896,0.659448818897638,0.612049316203896,7,2
0.639159159159159,0.646066066066066,0.635015015015015,0.652492492492493,0.635015015015015,0.652492492492493,6,4
0.711082222944426,0.69580760480988,0.688441122305276,0.643050590401907,0.688441122305276,0.643050590401907,6,2
0.704475091471995,0.673656065296932,0.687025049254151,0.747349657566376,0.687025049254151,0.747349657566376,5,3
0.717834671295292,0.715393794749403,0.701833369494467,0.656107615534823,0.701833369494467,0.656107615534823,3,2
0.686736881349613,0.68855438531084,0.709199366203747,0.699878833069252,0.709199366203747,0.699878833069252,7,3
0.696563011456628,0.68417894162575,0.67430441898527,0.694217130387343,0.67430441898527,0.694217130387343,4,3
0.695325450326003,0.624102110730468,0.61984749696099,0.680517184219251,0.61984749696099,0.680517184219251,2,3
0.689831665150136,0.68397406733394,0.66458143767061,0.649340309372156,0.66458143767061,0.649340309372156,6,2
0.63881192508035,0.655436107724704,0.663526543278289,0.654881968303225,0.663526543278289,0.654881968303225,5,3
0.688842840004363,0.649198385865416,0.652252153997164,0.698658523284982,0.652252153997164,0.698658523284982,8,3
0.652420662497105,0.68137595552467,0.644950196895993,0.65068334491545,0.644950196895993,0.65068334491545,6,2
0.681592613964224,0.658972879399885,0.694979803808425,0.666820542412002,0.694979803808425,0.666820542412002,6,3
0.651908396946565,0.644039929536113,0.644274809160305,0.684380504991192,0.644274809160305,0.684380504991192,3,3
0.6612822313635,0.640513695194141,0.643072138055583,0.611166850607003,0.643072138055583,0.611166850607003,4,3
0.70304275259982,0.668956220310695,0.67466940557196,0.622031069456926,0.666837848247529,0.622031069456926,7,2
0.723980016652789,0.68385720233139,0.699469192339717,0.681047044129892,0.699469192339717,0.681047044129892,4,4
0.714365567356065,0.662716601453326,0.683733929569592,0.693907210732253,0.645835662381219,0.693907210732253,6,4
0.71830985915493,0.679808358346802,0.732971600092357,0.682636804433156,0.732971600092357,0.682636804433156,8,3
0.703407814255399,0.687367369866434,0.65622269379603,0.680564224191736,0.65622269379603,0.680564224191736,8,3
0.66137865911237,0.647639282341832,0.683238904627007,0.66194523135033,0.683238904627007,0.66194523135033,4,3
0.68443893366398,0.655610663360198,0.667885926844389,0.662120272783633,0.667885926844389,0.662120272783633,5,4
0.703130335799659,0.700056915196357,0.660330108138873,0.68406374501992,0.676266363118953,0.68406374501992,7,3
0.659408057618726,0.70532297996849,0.615349988746343,0.703015980193563,0.615349988746343,0.703015980193563,2,3
0.723181257706535,0.673119605425401,0.688717632552404,0.680579531442663,0.688717632552404,0.680579531442663,6,4
0.710675381263617,0.714760348583878,0.691394335511983,0.69983660130719,0.691394335511983,0.69983660130719,3,3
0.613585245164193,0.619995501574449,0.612348178137652,0.612123256860099,0.612348178137652,0.612123256860099,7,3
0.700982532751092,0.712390829694323,0.663373362445415,0.689737991266376,0.663373362445415,0.689737991266376,4,3
0.699883562973025,0.687075490005822,0.679118959829226,0.698088492140501,0.679118959829226,0.698088492140501,4,4
0.688284286507496,0.656635202665186,0.676346474181011,0.603498056635203,0.675347029428096,0.603498056635203,7,2
0.733631557543717,0.690185712349193,0.647892097058425,0.671682255659482,0.647892097058425,0.671682255659482,3,3
0.690089358245329,0.642160844841592,0.691815597075548,0.634443541835906,0.691815597075548,0.634443541835906,6,3
0.682541486701523,0.646283246192316,0.662650602409639,0.677994998863378,0.662650602409639,0.677994998863378,4,3
0.67442366246194,0.658764680295781,0.691550674206177,0.683123096998695,0.691550674206177,0.683123096998695,4,3
0.667784572894062,0.690323535214046,0.645837443282699,0.706352337739199,0.645837443282699,0.706352337739199,5,3
0.687759441125848,0.693074820289562,0.67859673990078,0.644628935911714,0.673736964665384,0.644628935911714,8,2
0.641211869682507,0.651483710313343,0.679497821124715,0.672442415438888,0.679497821124715,0.672442415438888,5,3
0.740390741133999,0.720641325122107,0.683956253981737,0.722605648757698,0.683956253981737,0.722605648757698,4,3
0.672124794109098,0.672367018699738,0.680554209863385,0.680990214126538,0.680554209863385,0.680990214126538,8,3
0.700149925037481,0.666820435935878,0.697382078191673,0.685272748241264,0.697382078191673,0.685272748241264,4,3
0.660471331389699,0.667759961127308,0.602526724975705,0.652757531584062,0.602526724975705,0.652757531584062,4,3
0.70716228467815,0.617507806991035,0.6746247607535,0.66450085625063,0.6746247607535,0.66450085625063,3,4
0.660543639838607,0.651571458908473,0.658526226375027,0.654703758759822,0.658526226375027,0.654703758759822,7,3
0.713734319716951,0.716682749008256,0.669239841320896,0.64758228798113,0.669239841320896,0.64758228798113,7,2
0.72406365920785,0.690439152806031,0.674763671173866,0.684874955127438,0.674763671173866,0.684874955127438,4,3
0.702402444104985,0.713442577419803,0.704207748923761,0.725940841549785,0.704207748923761,0.725940841549785,4,3
0.683282026995027,0.655695003551977,0.691333175467677,0.656760596732181,0.691333175467677,0.656760596732181,7,3
0.681437768240343,0.666952789699571,0.640289699570815,0.660675965665236,0.640289699570815,0.660675965665236,5,3
0.675652906486942,0.697436514622698,0.709170778673727,0.646949091346733,0.709170778673727,0.646949091346733,4,2
0.664412129410438,0.646432194792019,0.658437605681434,0.6432758426333,0.658437605681434,0.6432758426333,4,3
0.702947598253275,0.676528384279476,0.672707423580786,0.687336244541485,0.672707423580786,0.687336244541485,3,3
0.702912532157295,0.681504961411246,0.700431826534362,0.7095736861448,0.700431826534362,0.7095736861448,4,3
0.693389436385782,0.710607906101207,0.697818624737017,0.679769682205736,0.697818624737017,0.679769682205736,9,3
0.656983455175067,0.67551622418879,0.707964601769911,0.678466076696165,0.707964601769911,0.678466076696165,5,4
0.650059638498945,0.689925681255161,0.705248187907147,0.635792274520598,0.705248187907147,0.635792274520598,5,2
0.689350372736954,0.657507987220447,0.677582534611289,0.674653887113951,0.677582534611289,0.674653887113951,5,4
0.705028821307891,0.703687139733651,0.687139733651362,0.689624329159213,0.687139733651362,0.689624329159213,4,3
0.65523317279455,0.646246916480677,0.636144719840244,0.639492540819922,0.636144719840244,0.639492540819922,4,3
0.655590717299578,0.645727848101266,0.638185654008439,0.659388185654008,0.638185654008439,0.659388185654008,4,3
0.723242593199956,0.734612441237564,0.747622171203673,0.724499836011807,0.747622171203673,0.724499836011807,7,3
0.691107474086197,0.691107474086197,0.644462629569013,0.68139661756683,0.644462629569013,0.68139661756683,2,3
0.643023662431519,0.668784240587481,0.64599603683413,0.670241286863271,0.64599603683413,0.670241286863271,7,3
0.683227072094164,0.674006866110839,0.679597842079451,0.658312898479647,0.679597842079451,0.658312898479647,5,3
0.710404004290311,0.687879871290669,0.582052198784412,0.674293886306757,0.582052198784412,0.674293886306757,3,4
0.704152613827993,0.689766020236088,0.679647976391231,0.627898397976391,0.679647976391231,0.627898397976391,4,2
0.697184485134869,0.690194920259894,0.697036818271313,0.625910612325261,0.697036818271313,0.625910612325261,5,2
0.714594828518879,0.677593854809045,0.697122146489235,0.706047819971871,0.697122146489235,0.706047819971871,4,3
0.709415584415584,0.702458256029685,0.696254638218924,0.701646567717996,0.696254638218924,0.701646567717996,6,3
0.689054197662062,0.696758767268863,0.703506907545165,0.644261424017003,0.703506907545165,0.644261424017003,4,2
0.64905273937532,0.654889912954429,0.655350742447517,0.613056835637481,0.655350742447517,0.613056835637481,6,2
0.6954986760812,0.6772159878956,0.669335518850082,0.66731811877443,0.669335518850082,0.66731811877443,4,3
0.722923296389773,0.707834961044661,0.683419291122572,0.68089542411939,0.683419291122572,0.68089542411939,6,4
0.728786033292732,0.682145757206659,0.655958181079984,0.681587494924888,0.655958181079984,0.681587494924888,2,3
0.679220249030414,0.69896917738314,0.664472341294142,0.691620738926311,0.664472341294142,0.691620738926311,4,3
0.677449168207024,0.651166820702403,0.659484750462107,0.648856284658041,0.659484750462107,0.648856284658041,5,3
0.686610878661088,0.648012552301255,0.658629707112971,0.674476987447699,0.658629707112971,0.674476987447699,3,4
0.701794753796595,0.694374137137598,0.681891394385642,0.70294523699954,0.681891394385642,0.70294523699954,7,3
0.680869565217391,0.676038647342995,0.663913043478261,0.674782608695652,0.663913043478261,0.674782608695652,4,3
0.714515943363647,0.677909519972372,0.70392540577875,0.682917002417405,0.70392540577875,0.682917002417405,7,4
0.700044454323183,0.682429428761947,0.650644587686153,0.684485441209158,0.650644587686153,0.684485441209158,5,3
0.667214731996054,0.654225583689576,0.649567028389784,0.644908473089992,0.649567028389784,0.644908473089992,4,3
0.699824868651489,0.700934033858727,0.694220665499124,0.706946876824285,0.694220665499124,0.706946876824285,3,3
0.694047619047619,0.660497835497835,0.654220779220779,0.659577922077922,0.654220779220779,0.659577922077922,7,3
0.618485295787442,0.645225388895197,0.630010219143863,0.648631770182809,0.630010219143863,0.648631770182809,8,3
0.711280017625028,0.691506939854594,0.70158625247852,0.715906587354043,0.70158625247852,0.715906587354043,4,3
0.663046003717472,0.647246747211896,0.643471189591078,0.657237453531598,0.643471189591078,0.657237453531598,3,4
0.639871382636656,0.641747052518757,0.642818863879957,0.583386923901393,0.642818863879957,0.583386923901393,6,2
0.707223450040712,0.673025474002559,0.683319762707921,0.696463882749796,0.683319762707921,0.696463882749796,4,4
0.696904557179708,0.67347377472055,0.661543422184007,0.676698194325022,0.661543422184007,0.676698194325022,3,3
0.698513311052207,0.664400138296646,0.629422611501671,0.686585225308286,0.629422611501671,0.686585225308286,5,4
0.681733610594287,0.640636970559264,0.642716427711503,0.602221735799497,0.642716427711503,0.602221735799497,3,2
0.660749385749386,0.672604422604423,0.658599508599509,0.662653562653563,0.658599508599509,0.662653562653563,4,3
0.644556781045752,0.65579044117647,0.626429738562091,0.605596405228758,0.626429738562091,0.605596405228758,4,2
0.715846323800172,0.728489014361115,0.701792070700871,0.613538725911378,0.701792070700871,0.613538725911378,4,2
0.691454587905674,0.69583236049498,0.707331309829559,0.641839831893533,0.707331309829559,0.641839831893533,6,2
0.671177117711771,0.652255225522552,0.648514851485149,0.684543454345435,0.648514851485149,0.684543454345435,3,4
0.68520942408377,0.665957678883072,0.702116055846422,0.651668848167539,0.702116055846422,0.651668848167539,8,3
0.703171091445428,0.657141101278269,0.666912487708948,0.657755653883973,0.666912487708948,0.657755653883973,6,3
0.639529150745717,0.648773573277456,0.672007888573894,0.652039935905337,0.672007888573894,0.652039935905337,6,3
0.674198473282443,0.647786259541985,0.643562340966921,0.631857506361323,0.643562340966921,0.631857506361323,7,3
0.740944689182575,0.701603034752814,0.725403817914831,0.7143906020558,0.725403817914831,0.7143906020558,6,3
0.662328358208955,0.616059701492537,0.595940298507463,0.592417910447761,0.595940298507463,0.592417910447761,2,2
0.682460238015794,0.66282949616283,0.665888110332555,0.641029918807697,0.665888110332555,0.641029918807697,4,3
0.654023826890348,0.658278628738147,0.62351081935327,0.62484804279115,0.62351081935327,0.62484804279115,3,2
0.657173626899605,0.70258465956683,0.66124207251406,0.685174105540266,0.66124207251406,0.685174105540266,6,3
0.680117553973098,0.679269808974794,0.686277834294111,0.6767830903131,0.686277834294111,0.6767830903131,4,3
0.657469282172882,0.68118128907092,0.699288639793059,0.671912050010778,0.694869583962061,0.671912050010778,7,3
0.679509632224168,0.675364856976065,0.659019264448336,0.623175715119673,0.659019264448336,0.623175715119673,4,2
0.696670517802752,0.667786997164163,0.668784791513496,0.661432622623674,0.668784791513496,0.661432622623674,6,3
0.686641011544805,0.694337548103353,0.687355689939527,0.689389774601429,0.687355689939527,0.689389774601429,7,3
0.709604981116668,0.66658160661427,0.674288047361437,0.673675614984179,0.674288047361437,0.673675614984179,7,3
0.679430701457133,0.640912684965548,0.688467186264543,0.656726533378516,0.688467186264543,0.656726533378516,6,4
0.696795398520953,0.695203368940016,0.704550123253903,0.67974527526705,0.704550123253903,0.67974527526705,4,3
0.713148223764802,0.684309922417313,0.677266231114741,0.672111065741119,0.677266231114741,0.672111065741119,6,4
0.667593328038126,0.648001059041567,0.65746624305004,0.648199629335451,0.65746624305004,0.648199629335451,5,4
0.673359240069085,0.677299222797927,0.667152417962003,0.695325993091537,0.667152417962003,0.695325993091537,6,3
0.697099271928811,0.656593089102046,0.683404599560846,0.650352478909049,0.683404599560846,0.650352478909049,5,3
0.66579870938526,0.61445714932639,0.654703951092494,0.601494396014944,0.654703951092494,0.601494396014944,4,2
0.725792630676949,0.686053984575835,0.631640959725793,0.679145244215938,0.631640959725793,0.679145244215938,3,3
0.685472937741162,0.666127854833664,0.641829179267911,0.652570653874231,0.641829179267911,0.652570653874231,4,3
0.680181254471739,0.692344383496303,0.701943715716671,0.699737658001431,0.701943715716671,0.699737658001431,5,3
0.726651798160022,0.734945637022582,0.720170058544745,0.728394201282409,0.720170058544745,0.728394201282409,4,3
0.678133734680714,0.680660073102559,0.671145990109654,0.63276714685014,0.671145990109654,0.63276714685014,4,2
0.651569219507732,0.68611034861378,0.597126910055815,0.695123067069265,0.597126910055815,0.695123067069265,2,3
0.729533282325937,0.72162713593471,0.650025503698036,0.718120377454731,0.650025503698036,0.718120377454731,2,3
0.64078138188834,0.667490654769082,0.661160014470035,0.681297479802243,0.661160014470035,0.681297479802243,4,3
0.688345746354768,0.669673764816952,0.67780341969999,0.598395048777929,0.67780341969999,0.598395048777929,7,2
0.715233385598842,0.695452900735738,0.674707514171994,0.643529127970088,0.674707514171994,0.643529127970088,2,2
0.717706911527485,0.706787442610746,0.700769326219134,0.674029035860529,0.700769326219134,0.674029035860529,5,3
0.723249947445869,0.677685516081564,0.70191297035947,0.609154929577465,0.70191297035947,0.609154929577465,4,2
0.652695257642865,0.683968888408772,0.64378308307227,0.68272658528681,0.64378308307227,0.68272658528681,6,3
0.682964057114722,0.629837518463811,0.646725750861645,0.632791728212703,0.646725750861645,0.632791728212703,3,3
0.667758186397985,0.647758186397985,0.629017632241814,0.658790931989924,0.629017632241814,0.658790931989924,3,4
0.613868051548375,0.66219465281785,0.635699172917869,0.646758992113868,0.635699172917869,0.646758992113868,5,3
0.680066826772476,0.664143259893495,0.635585256343323,0.658818001461836,0.635585256343323,0.658818001461836,3,4
0.667068612082479,0.703726034004582,0.633365488966598,0.723682623899674,0.633365488966598,0.723682623899674,5,4
0.696743063932449,0.691917973462002,0.659589867310012,0.681061519903498,0.659589867310012,0.681061519903498,3,3
0.67706013363029,0.658129175946548,0.612286562731997,0.665243751546647,0.612286562731997,0.665243751546647,2,3
0.693168952069443,0.680462951314631,0.648635048433765,0.677946911561203,0.648635048433765,0.677946911561203,4,4
0.656862745098039,0.675878043525102,0.646412411118294,0.678625296272355,0.646412411118294,0.678625296272355,3,3
0.675684970766938,0.70061905307807,0.670010317551301,0.708127937636134,0.670010317551301,0.708127937636134,3,4
0.693075825743443,0.677109623614616,0.685394491385932,0.690167892022386,0.685394491385932,0.690167892022386,3,4
0.662961715504659,0.657516560008982,0.674413382732682,0.667564836645335,0.674413382732682,0.667564836645335,8,3
0.717001338688086,0.718206157965194,0.757429718875502,0.72235609103079,0.757429718875502,0.72235609103079,7,3
0.676552881925014,0.660324566312255,0.678623391158366,0.66205931729155,0.678623391158366,0.66205931729155,7,3
0.710335082761405,0.706096083972547,0.681267662494954,0.688332660476383,0.641804602341542,0.688332660476383,6,3
0.677569521009433,0.68614479970599,0.608722283474213,0.707215484503246,0.608722283474213,0.707215484503246,3,4
0.66260598382224,0.677614267615242,0.657392067049995,0.688480654906929,0.657392067049995,0.688480654906929,6,3
0.67054591620821,0.657479898434194,0.644308082945408,0.646424037240796,0.644308082945408,0.646424037240796,6,3
0.702782152230971,0.675695538057743,0.676535433070866,0.67737532808399,0.676535433070866,0.67737532808399,4,4
0.695382746051033,0.684143377885784,0.67187120291616,0.672964763061968,0.67187120291616,0.672964763061968,7,3
0.734241908006814,0.687961385576377,0.624020442930153,0.69557069846678,0.624020442930153,0.69557069846678,2,3
0.683083511777302,0.654651439448013,0.675886271710683,0.679276707113966,0.695515108256008,0.679276707113966,6,4
0.666370385862177,0.684879222001464,0.677193349367353,0.676879640280247,0.677193349367353,0.676879640280247,5,3
0.732855990318677,0.725544574425171,0.725594997983058,0.718384429205325,0.725594997983058,0.718384429205325,7,3
0.668321627512715,0.677767013804795,0.669714216517317,0.66965366916929,0.669714216517317,0.66965366916929,4,3
0.724109362054681,0.675365921016294,0.722659486329743,0.707470312068489,0.722659486329743,0.707470312068489,5,3
0.682023707686668,0.675974581449346,0.693205425882928,0.697788097274838,0.693205425882928,0.697788097274838,4,4
0.683196268565116,0.669510249171474,0.656744814041979,0.675831594451946,0.656744814041979,0.675831594451946,7,3
0.701550387596899,0.659246954595792,0.650885935769657,0.642414174972314,0.650885935769657,0.642414174972314,4,3
0.718254488271524,0.676385794784432,0.681234438474643,0.678875638841567,0.681234438474643,0.678875638841567,4,3
0.701453104359313,0.686261558784676,0.691305392097994,0.703134382130419,0.691305392097994,0.703134382130419,6,4
0.659629713253556,0.719067509595846,0.714043802212689,0.701682095281102,0.714043802212689,0.701682095281102,4,3
0.679359182725795,0.690677966101695,0.680694218713722,0.704376596238681,0.680694218713722,0.704376596238681,5,4
0.665087386818278,0.65840176879343,0.616024426194988,0.618603916614024,0.616024426194988,0.618603916614024,2,2
0.663573610953944,0.65865112594772,0.641224397419939,0.663007808079665,0.641224397419939,0.663007808079665,6,3
0.663789134438306,0.71046270718232,0.69164364640884,0.710692909760589,0.69164364640884,0.710692909760589,6,3
0.698779779198141,0.658861127251598,0.648634514816967,0.643811737361999,0.654212667054038,0.66089482858803,8,4
0.669710327455919,0.677791771620487,0.655646515533165,0.681622586062133,0.655646515533165,0.681622586062133,4,3
0.653253175603607,0.638369048773393,0.66959177736837,0.661446717734898,0.66959177736837,0.661446717734898,7,3
0.711355867831371,0.68116217242689,0.657868084567667,0.67286998354222,0.657868084567667,0.67286998354222,4,3
0.688681446907818,0.686931155192532,0.697957992998833,0.685297549591599,0.697957992998833,0.685297549591599,7,4
0.621384089995982,0.631779831257533,0.571916432302129,0.616663318601848,0.571916432302129,0.616663318601848,5,4
0.688205920817976,0.58631553917489,0.670788253477589,0.663951967661396,0.670788253477589,0.663951967661396,4,3
0.74582560296846,0.703525046382189,0.660482374768089,0.704638218923933,0.660482374768089,0.704638218923933,3,4
0.688416641724035,0.691160331238152,0.650254414845855,0.675246932056271,0.650254414845855,0.675246932056271,4,3
0.67793449119944,0.660974472549248,0.669250495395734,0.687259587364495,0.669250495395734,0.687259587364495,4,3
0.68401868094316,0.66795762615332,0.698086342408019,0.654459505638455,0.698086342408019,0.654459505638455,5,3
0.660781367392938,0.667543200601052,0.645128975707488,0.665164037064863,0.645128975707488,0.665164037064863,8,3
0.70357873210634,0.72321063394683,0.702300613496933,0.706850715746421,0.702300613496933,0.706850715746421,6,3
0.66349073395456,0.653282378808502,0.641084703172443,0.674065542875092,0.641084703172443,0.674065542875092,3,3
0.715078534031414,0.713664921465969,0.692565445026178,0.709319371727749,0.692565445026178,0.709319371727749,8,3
0.690736538064782,0.68820920156798,0.656849597689292,0.685475551887766,0.656849597689292,0.685475551887766,7,3
0.675754844524561,0.678853086976115,0.70093510590356,0.680261378999549,0.70093510590356,0.680261378999549,5,3
0.725936411149826,0.681075783972125,0.668118466898955,0.668390679442509,0.668118466898955,0.668390679442509,6,3
0.700704632089638,0.744426475684417,0.686149936467598,0.727041700358092,0.686149936467598,0.727041700358092,7,4
0.698918340663259,0.653750148579579,0.670688220610959,0.653512421252823,0.670688220610959,0.653512421252823,7,3
0.678686543110395,0.658088235294118,0.707393231265109,0.626661966156326,0.707393231265109,0.626661966156326,6,3
0.669974915476061,0.623023230450431,0.632947976878613,0.638946449994547,0.632947976878613,0.638946449994547,3,3
0.662142381902861,0.687558216899534,0.677445109780439,0.667465069860279,0.677445109780439,0.667465069860279,4,3
0.693384487764413,0.676327250103691,0.667928245541269,0.678297386976358,0.667928245541269,0.678297386976358,3,3
0.693702497285559,0.687622149837134,0.67442996742671,0.699619978284473,0.67442996742671,0.699619978284473,4,3
0.644630430694,0.663955237916118,0.611246943765281,0.632640586797066,0.611246943765281,0.632640586797066,3,2
0.685517058276915,0.639253949289792,0.701115093588212,0.632815611310235,0.701115093588212,0.632815611310235,8,3
0.678601079286011,0.664539227895392,0.662567455375675,0.68659194686592,0.662567455375675,0.68659194686592,7,3
0.681023174464364,0.692337122868387,0.687581985133362,0.689112374289462,0.687581985133362,0.689112374289462,6,3
0.689895072992701,0.676608120437956,0.684477645985402,0.689039689781022,0.684477645985402,0.689039689781022,5,3
0.703650958052822,0.680282237182807,0.690639564992232,0.683324702226826,0.690639564992232,0.683324702226826,9,3
0.70024284658431,0.674057649667406,0.660965051208954,0.666138739309471,0.660965051208954,0.666138739309471,3,3
0.645642201834862,0.65493119266055,0.642660550458716,0.656077981651376,0.642660550458716,0.656077981651376,4,3
0.7060986821943,0.662325058739401,0.667177444069874,0.678057002758198,0.667177444069874,0.678057002758198,5,4
0.652192513368984,0.657914438502674,0.653048128342246,0.589946524064171,0.653048128342246,0.589946524064171,6,2
0.694212034383954,0.675530085959885,0.691461318051576,0.676045845272206,0.691461318051576,0.676045845272206,4,3
0.688344692156636,0.665068730507104,0.697643525470717,0.686669747025529,0.697643525470717,0.686669747025529,4,4
0.667419201520912,0.639317965779468,0.62773288973384,0.585016634980989,0.62773288973384,0.585016634980989,4,2
0.644237878947924,0.636843773106581,0.66050491179888,0.666684271680575,0.66050491179888,0.666684271680575,4,3
0.652524582919014,0.667550546900895,0.695613744337642,0.686940669539277,0.695613744337642,0.686940669539277,4,3
0.686171415649028,0.656151062867481,0.701605608322026,0.68990275893261,0.701605608322026,0.68990275893261,4,3
0.710995710092572,0.699029126213592,0.692029803567397,0.657258974937909,0.692029803567397,0.657258974937909,4,3
0.650913104555489,0.652919927754365,0.6746437888822,0.652568733694561,0.6746437888822,0.652568733694561,7,3
0.681073703366697,0.667026842584167,0.599181073703367,0.596280709736124,0.599181073703367,0.596280709736124,2,2
0.649309618534987,0.650889304937983,0.665164989468757,0.648958577112099,0.665164989468757,0.648958577112099,7,4
0.68537348455221,0.698816973015252,0.714118107156824,0.701310129057489,0.714118107156824,0.701310129057489,6,3
0.63652595332228,0.643604132126004,0.587425073332483,0.642201249840582,0.587425073332483,0.642201249840582,3,3
0.707704449048042,0.686593666765315,0.646838315083358,0.695521357403571,0.646838315083358,0.695521357403571,3,3
0.675403872900396,0.632823365785814,0.653471702150423,0.587461217502942,0.653471702150423,0.587461217502942,4,2
0.714581291516934,0.722312969617772,0.685941413481433,0.727376674289448,0.685941413481433,0.727376674289448,6,4
0.654851766765124,0.666994858330598,0.701673777486052,0.666721365277322,0.701673777486052,0.666721365277322,7,4
0.670905097676569,0.67477748237198,0.690151427580627,0.67523985666397,0.690151427580627,0.67523985666397,4,3
0.676375223613596,0.622931574239714,0.700301878354204,0.675368962432916,0.700301878354204,0.675368962432916,6,3
0.672150411280846,0.666177046611829,0.66069330199765,0.645613004308657,0.66069330199765,0.645613004308657,4,3
0.650338718082335,0.648384575299635,0.637571651902032,0.648449713392392,0.637571651902032,0.648449713392392,4,3
0.734267515923567,0.687388535031847,0.72656050955414,0.698407643312102,0.72656050955414,0.698407643312102,4,3
0.673692040664518,0.63866848499876,0.677225390528143,0.651004215224399,0.677225390528143,0.651004215224399,7,4
0.692123560925567,0.695543143736464,0.64350849196398,0.690926706941753,0.64350849196398,0.690926706941753,6,3
0.700890868596882,0.679008908685969,0.66575723830735,0.596436525612472,0.66575723830735,0.596436525612472,8,2
0.710777626193724,0.66890544653164,0.712771539510967,0.683230139573932,0.712771539510967,0.683230139573932,6,3
0.648682848268722,0.6515012078684,0.675658575865639,0.635568848498792,0.675658575865639,0.635568848498792,5,3
0.719056752792508,0.691075256685095,0.697506487645267,0.677535823084734,0.697506487645267,0.677535823084734,6,3
0.683609576427256,0.668017188459177,0.650828729281768,0.662369551872314,0.650828729281768,0.662369551872314,4,3
0.658847642905944,0.633227055340469,0.61364153951264,0.628729218856752,0.61364153951264,0.628729218856752,9,4
0.684626011446615,0.693112295243734,0.6248273139925,0.664643773435958,0.6248273139925,0.664643773435958,2,3
0.655417046721395,0.68997668997669,0.652072565116043,0.63570487483531,0.652072565116043,0.63570487483531,3,2
0.715640326975477,0.685722070844687,0.71133514986376,0.684632152588556,0.71133514986376,0.684632152588556,7,3
0.666406075496985,0.657248157248157,0.638429752066116,0.687402278311369,0.638429752066116,0.687402278311369,5,3
0.661796260345356,0.499744559109022,0.620465924185144,0.699397159497292,0.620465924185144,0.699397159497292,2,3
0.65283243887895,0.670960047704234,0.670960047704234,0.661299940369708,0.683720930232558,0.661299940369708,7,4
0.683869550894916,0.6347864280224,0.626221587789612,0.615680245964643,0.626221587789612,0.615680245964643,4,2
0.682459677419355,0.67002688172043,0.652217741935484,0.653113799283154,0.652217741935484,0.653113799283154,6,3
0.71380970011107,0.701036653091448,0.665987905713933,0.640380106133531,0.665987905713933,0.640380106133531,3,2
0.615859808371155,0.649646999495714,0.592599596570852,0.640254664649521,0.592599596570852,0.640254664649521,6,3
0.67422515952598,0.683226982680036,0.650922971741112,0.665394257064722,0.650922971741112,0.665394257064722,4,3
0.716666666666667,0.726775147928994,0.741272189349112,0.710897435897436,0.741272189349112,0.710897435897436,6,3
0.700021777003484,0.675087108013937,0.653255662020906,0.663109756097561,0.653255662020906,0.663109756097561,3,3
0.713087248322148,0.652740492170022,0.691275167785235,0.649832214765101,0.695190156599553,0.649832214765101,8,3
0.659539665848814,0.664563617245005,0.637165556723916,0.604042528332749,0.637165556723916,0.604042528332749,3,2
0.700793836096194,0.66798972682699,0.683924819052066,0.659992995563857,0.683924819052066,0.659992995563857,4,4
0.706990715456035,0.697433096668487,0.612943746586565,0.687766247951939,0.612943746586565,0.687766247951939,2,3
0.641052411776989,0.653059093756525,0.636980580496972,0.668041344748382,0.636980580496972,0.668041344748382,3,4
0.755453250027403,0.734681574043626,0.726022141839307,0.710566699550586,0.726022141839307,0.710566699550586,6,3
0.665252696642831,0.647921464064962,0.646103502605745,0.607926311962186,0.646103502605745,0.607926311962186,6,2
0.631085654777402,0.679315282478521,0.623665712054153,0.677883363707368,0.623665712054153,0.677883363707368,6,3
0.714392890120037,0.696733610341644,0.690154662973222,0.631578947368421,0.720510156971376,0.631578947368421,6,2
0.653640017865118,0.669997766860205,0.581342117016525,0.67390576150067,0.581342117016525,0.67390576150067,2,3
