"forest_loss","forest_loss01","prune_initial_loss","prune_initial_loss01","prune_super_loss","prune_super_loss01","num_leaves","num_leaves01"
0.721696252465483,0.699605522682446,0.717800788954635,0.72292899408284,0.717800788954635,0.72292899408284,5,3
0.701095100864553,0.730893371757925,0.724092219020173,0.714121037463977,0.724092219020173,0.714121037463977,5,3
0.658951595857113,0.6356478545762,0.661118156837878,0.61863242443458,0.661118156837878,0.61863242443458,4,3
0.665174183684613,0.688489680026209,0.615376214917549,0.684558261439336,0.615376214917549,0.684558261439336,3,3
0.705339173671126,0.66461465609092,0.690363442642358,0.659287320942346,0.690363442642358,0.659287320942346,6,3
0.694013781223084,0.678186907838071,0.692667958656331,0.688038329026701,0.692667958656331,0.688038329026701,5,3
0.643695195751513,0.640607632456465,0.610226009633198,0.606891441274546,0.610226009633198,0.606891441274546,4,3
0.698682532936677,0.662770930726732,0.70330429239269,0.677645558861029,0.70330429239269,0.677645558861029,5,3
0.650595763459841,0.612202118270079,0.656884377758164,0.629192409532215,0.656884377758164,0.629192409532215,5,3
0.673307649972482,0.643423225096313,0.651898734177215,0.64105668684645,0.651898734177215,0.64105668684645,4,3
0.763412594097264,0.743039789700084,0.713944318317601,0.734078145537101,0.713944318317601,0.734078145537101,5,3
0.626828438598481,0.620705295384964,0.660278943190838,0.633972105680916,0.660278943190838,0.633972105680916,4,3
0.657571486105518,0.637937978252114,0.657017720499396,0.651731776077326,0.657017720499396,0.651731776077326,4,3
0.751847940865892,0.644033790918691,0.714572333685322,0.706071805702218,0.714572333685322,0.706071805702218,5,3
0.679782903663501,0.662390526705316,0.657333168866412,0.67620574811891,0.657333168866412,0.67620574811891,4,3
0.645486035938515,0.650303095908205,0.624972937865339,0.679963195496861,0.624972937865339,0.679963195496861,5,3
0.667875271936186,0.631927898062778,0.655443903449705,0.655340308712317,0.655443903449705,0.655340308712317,5,3
0.722277227722772,0.655816831683168,0.681559405940594,0.666831683168317,0.681559405940594,0.666831683168317,5,3
0.738598551575651,0.709189665296535,0.702094343315717,0.726903503621061,0.702094343315717,0.726903503621061,5,3
0.679990704159888,0.692249593306995,0.672263537067162,0.704740878456891,0.672263537067162,0.704740878456891,4,3
0.658750915367716,0.669892248143111,0.686211946856366,0.664975415838477,0.686211946856366,0.664975415838477,6,3
0.696742131419105,0.697349530646052,0.681557150745445,0.689453340695748,0.681557150745445,0.689453340695748,5,3
0.68235426260811,0.659328316297877,0.661574750084241,0.653936875210603,0.661574750084241,0.653936875210603,4,3
0.685552840562004,0.693036041539401,0.709020566076156,0.688047240887803,0.709020566076156,0.688047240887803,5,3
0.650190114068441,0.667617237008872,0.672686945500634,0.661068863540346,0.672686945500634,0.661068863540346,5,3
0.717673630717109,0.703444381705251,0.700677583286279,0.69553924336533,0.700677583286279,0.69553924336533,4,3
0.717514907779781,0.669740673970323,0.688808764387741,0.690542227152961,0.688808764387741,0.690542227152961,4,3
0.652350081037277,0.669621150729335,0.704416531604538,0.67959886547812,0.704416531604538,0.67959886547812,4,3
0.679829610868064,0.679081280221045,0.695889937830992,0.647651393046281,0.695889937830992,0.647651393046281,4,3
0.693950177935943,0.673244904561631,0.662838347891729,0.659710988892484,0.662838347891729,0.659710988892484,4,3
0.644112289724633,0.652309011036108,0.651558984249437,0.651612557591343,0.651558984249437,0.651612557591343,6,3
0.6994875916809,0.661559328845574,0.656585953983724,0.684466994875917,0.695267758464785,0.684466994875917,5,3
0.700564971751412,0.6579398708636,0.654156577885391,0.728611783696529,0.654156577885391,0.728611783696529,4,3
0.693289488351354,0.664195741834801,0.734310556236763,0.708003567049381,0.734310556236763,0.708003567049381,5,3
0.698329977496151,0.676240672746654,0.702534644083856,0.667831339571242,0.702534644083856,0.667831339571242,6,3
0.673160762942779,0.67649863760218,0.724046321525886,0.69550408719346,0.724046321525886,0.69550408719346,5,3
0.656613951207552,0.654836336888562,0.645273997793306,0.649380899840628,0.645273997793306,0.649380899840628,6,3
0.64344932274638,0.63626809901915,0.666627744044839,0.632589911256422,0.666627744044839,0.632589911256422,5,3
0.734630795649685,0.702461362335432,0.704121350887235,0.695878649112765,0.704121350887235,0.695878649112765,5,3
0.688635553972212,0.691901199382496,0.670110438190239,0.696473102956893,0.670110438190239,0.696473102956893,4,3
0.708266773162939,0.66194089456869,0.701327875399361,0.681509584664537,0.701327875399361,0.681509584664537,5,3
0.656176680607977,0.643782515556462,0.636488829950015,0.646281750484546,0.636488829950015,0.646281750484546,5,3
0.717090069284065,0.716595183107885,0.690146266358737,0.689816342241285,0.690146266358737,0.689816342241285,4,3
0.68857413772668,0.725198530283276,0.67115088301529,0.710738414128245,0.67115088301529,0.710738414128245,3,3
0.688175601147143,0.685583498786675,0.692146481358923,0.649294065740128,0.692146481358923,0.649294065740128,5,3
0.669744760323719,0.668707200664038,0.664920107906205,0.657138410458601,0.664920107906205,0.657138410458601,4,3
0.672379533035271,0.699205166418281,0.688524590163934,0.703365623447591,0.688524590163934,0.703365623447591,4,3
0.710404624277457,0.722601156069364,0.691734104046243,0.687919075144509,0.691734104046243,0.687919075144509,4,3
0.674036281179138,0.594897959183673,0.69421768707483,0.637981859410431,0.69421768707483,0.637981859410431,5,2
0.725006425083526,0.721022873297353,0.73727833461835,0.720444615780005,0.73727833461835,0.720444615780005,4,3
0.69820518502105,0.731664081542211,0.68984046089076,0.73061156658542,0.68984046089076,0.73061156658542,6,3
0.64760702844384,0.657169206873119,0.662702650228133,0.644694689835938,0.662702650228133,0.644694689835938,5,3
0.646688560481664,0.654406130268199,0.642692939244663,0.705801860974275,0.673453749315818,0.705801860974275,6,3
0.69487893721877,0.66172059138633,0.692361259910006,0.683683308335119,0.692361259910006,0.683683308335119,5,3
0.69211669770329,0.708617835712808,0.707324643078833,0.705669356507345,0.707324643078833,0.705669356507345,6,3
0.648259165321651,0.634367074014296,0.632407193912843,0.639900853124279,0.632407193912843,0.639900853124279,5,3
0.683406335947846,0.65753285117653,0.67933177141693,0.691198940613222,0.67933177141693,0.691198940613222,5,3
0.691629052113254,0.684448091916291,0.681421830118999,0.703785391875256,0.681421830118999,0.703785391875256,5,3
0.659113898442242,0.648796277564232,0.646722638074044,0.636152134331378,0.646722638074044,0.636152134331378,6,3
0.603621079857743,0.640640155189137,0.624151309408341,0.638808061213493,0.624151309408341,0.638808061213493,4,3
0.648868986106327,0.701860144677919,0.65455276151108,0.687047881501895,0.65455276151108,0.687047881501895,5,3
0.665121924307624,0.683658832616131,0.666390819816838,0.704678362573099,0.666390819816838,0.704678362573099,6,3
0.754480068267707,0.672315006704864,0.745641838351823,0.680421796903572,0.745641838351823,0.680421796903572,4,3
0.715754728957725,0.677097879903517,0.698552748508315,0.69982226736067,0.698552748508315,0.69982226736067,4,3
0.680909367705267,0.71912107987415,0.638637978280727,0.641936466050949,0.638637978280727,0.641936466050949,6,2
0.706934673366834,0.691206030150754,0.707537688442211,0.705879396984925,0.707537688442211,0.705879396984925,6,3
0.738590772316951,0.679037111334002,0.710193079237713,0.666311434302909,0.710193079237713,0.666311434302909,5,3
0.632833000944684,0.662957909100451,0.638133725202057,0.641597564815787,0.656397606801721,0.641597564815787,6,3
0.703859338715028,0.705131040583877,0.695510339489108,0.691031737255336,0.695510339489108,0.691031737255336,4,3
0.662807525325615,0.66085940109095,0.703885116330847,0.680952911054214,0.703885116330847,0.680952911054214,6,3
0.675374779541446,0.653824955908289,0.662312610229277,0.677854938271605,0.662312610229277,0.677854938271605,5,3
0.664737359397182,0.694277601834662,0.668668777984056,0.702304248116195,0.668668777984056,0.702304248116195,5,3
0.723834856019429,0.68399444894183,0.731698855094252,0.70012721174974,0.731698855094252,0.70012721174974,4,3
0.678323129604649,0.65980076787382,0.660786551831483,0.67334232645014,0.660786551831483,0.67334232645014,4,3
0.638815441565309,0.645002644103649,0.688207297726071,0.676361713379165,0.688207297726071,0.676361713379165,5,3
0.690284154361583,0.645985854324358,0.669499937957563,0.649336145923812,0.669499937957563,0.649336145923812,5,3
0.647590706192057,0.710655831521117,0.654286368318645,0.707737209568502,0.654286368318645,0.707737209568502,4,3
0.730664857530529,0.70171867933062,0.693351424694708,0.711047037539575,0.693351424694708,0.711047037539575,4,3
0.716649949849549,0.690759779338014,0.702921263791374,0.684804413239719,0.702921263791374,0.684804413239719,4,3
0.678973053256949,0.678071292170592,0.648154042011458,0.657171652875027,0.648154042011458,0.657171652875027,5,3
0.70289772076509,0.715381972282671,0.716069178788226,0.720077883403963,0.716069178788226,0.720077883403963,5,3
0.705123892813096,0.643682027133087,0.688698284561049,0.672104496019733,0.688698284561049,0.672104496019733,4,3
0.707519116397621,0.721697111299915,0.711767204757859,0.717236618521665,0.711767204757859,0.717236618521665,5,3
0.690383480825959,0.689970501474926,0.677345132743363,0.670678466076696,0.677345132743363,0.670678466076696,5,3
0.736637512147716,0.702785876255264,0.720440557175251,0.714555663535255,0.720440557175251,0.714555663535255,5,3
0.685691038009997,0.672730442868767,0.656631407648495,0.636405904916889,0.656631407648495,0.636405904916889,4,3
0.703515975875786,0.689593224688823,0.684332092903888,0.67522135249583,0.684332092903888,0.67522135249583,4,3
0.677279797783395,0.679807505347074,0.714174606260937,0.680488041998833,0.714174606260937,0.680488041998833,5,3
0.69510753958875,0.624379579295675,0.696407468683526,0.672122429685653,0.696407468683526,0.672122429685653,4,3
0.62115711854793,0.650198525241066,0.598071469086784,0.65263754963131,0.624730572887124,0.65263754963131,6,3
0.70576478013886,0.667999158426257,0.67120765832106,0.659004839049022,0.679833789185777,0.659004839049022,6,3
0.719935344827586,0.719665948275862,0.72198275862069,0.696605603448276,0.72198275862069,0.696605603448276,5,3
0.681894283664195,0.671250896914614,0.664494140157857,0.667663238459699,0.664494140157857,0.667663238459699,6,3
0.725173902614536,0.661849364355961,0.682297913168626,0.674622211561526,0.682297913168626,0.674622211561526,5,3
0.673169770420731,0.707803724504877,0.654892107596808,0.705291161690807,0.654892107596808,0.705291161690807,4,3
0.701894213849498,0.685332781285581,0.673791532967602,0.678759962736777,0.673791532967602,0.678759962736777,4,3
0.682279741164759,0.649776007964161,0.649377799900448,0.654006968641115,0.649377799900448,0.654006968641115,5,3
0.694005576208178,0.679716542750929,0.695631970260223,0.670306691449814,0.695631970260223,0.670306691449814,4,3
0.678611674554879,0.709319359927879,0.672413793103448,0.693486590038314,0.672413793103448,0.693486590038314,5,3
0.675389170088817,0.646786362334066,0.664883965237322,0.647168369783211,0.664883965237322,0.647168369783211,6,3
0.65345988301512,0.679395210241695,0.662454475223485,0.664882463304271,0.662454475223485,0.664882463304271,6,3
0.674077882020306,0.665145868140342,0.724778306130317,0.687636550571906,0.724778306130317,0.687636550571906,4,3
0.701742627345844,0.676943699731903,0.692091152815013,0.683646112600536,0.692091152815013,0.683646112600536,5,3
0.694036593629998,0.706347413598374,0.69573074316693,0.6889541450192,0.69573074316693,0.6889541450192,4,3
0.658093797276853,0.673164203421389,0.690096590247876,0.666181775864075,0.690096590247876,0.666181775864075,5,3
0.698412698412698,0.67641223155929,0.708683473389356,0.677929505135388,0.708683473389356,0.677929505135388,4,3
0.681196681079818,0.661972653967512,0.658992637606638,0.665127965408438,0.658992637606638,0.665127965408438,4,3
0.669016307206733,0.681956864807996,0.680168332456602,0.673645449763282,0.680168332456602,0.673645449763282,6,3
0.705493120470539,0.694884991072366,0.715208486503519,0.676294506879529,0.715208486503519,0.676294506879529,5,3
0.712806793067349,0.68680935209957,0.696405722926602,0.689135745027335,0.696405722926602,0.689135745027335,4,3
0.689447469014248,0.707749333951118,0.707401830186494,0.662168423491254,0.707401830186494,0.662168423491254,4,3
0.739888722448106,0.707414936871389,0.731221913117911,0.710250374491761,0.731221913117911,0.710250374491761,5,3
0.666785605056581,0.674890406769293,0.669130390457743,0.670863492710776,0.669130390457743,0.670863492710776,5,3
0.660641118341769,0.719269703543022,0.70059050373584,0.701132803085081,0.70059050373584,0.701132803085081,6,3
0.693626193164323,0.694088063224879,0.695165760032844,0.688494303602586,0.695165760032844,0.688494303602586,4,3
0.710339140294815,0.708225956087001,0.696990001030822,0.69714462426554,0.696990001030822,0.69714462426554,6,3
0.686946055367108,0.645092460881935,0.654940365466681,0.667195535616588,0.654940365466681,0.667195535616588,4,3
0.698015336039693,0.657532701849346,0.644959404600812,0.591283265674335,0.644959404600812,0.591283265674335,4,2
0.711158192090395,0.675086918730986,0.677531508039983,0.612179487179487,0.677531508039983,0.612179487179487,5,2
0.719745222929936,0.70375796178344,0.705222929936306,0.68312101910828,0.705222929936306,0.68312101910828,4,3
0.729669842676712,0.700753379126967,0.689397296698427,0.711056946598715,0.689397296698427,0.711056946598715,3,3
0.688614006038765,0.686958215642349,0.683841433719684,0.668647121846693,0.683841433719684,0.668647121846693,4,3
0.663258350374915,0.662235855487389,0.659452397182459,0.642013178822995,0.659452397182459,0.642013178822995,6,3
0.660439047174218,0.683232134516581,0.622793087342363,0.607846800560486,0.622793087342363,0.607846800560486,5,2
0.68888628095294,0.692817744396198,0.674862105386692,0.699507100105621,0.674862105386692,0.699507100105621,4,3
0.667010986947131,0.638463705512255,0.658465583622875,0.660155883181519,0.658465583622875,0.660155883181519,6,3
0.658889871738169,0.670389208314905,0.645510835913313,0.665247678018576,0.645510835913313,0.665247678018576,5,3
0.682591493570722,0.683926805143422,0.672551928783383,0.611424332344214,0.672551928783383,0.611424332344214,5,3
0.732020736818884,0.713103904698875,0.695455548202074,0.728711669975734,0.695455548202074,0.728711669975734,5,3
0.661434132864498,0.710975762903428,0.666582946125832,0.620745950018837,0.666582946125832,0.620745950018837,4,2
0.694886745907154,0.656313074680422,0.68171114599686,0.679748822605965,0.68171114599686,0.679748822605965,4,3
0.738743223807943,0.702234760482354,0.722314415311428,0.699247704392079,0.722314415311428,0.699247704392079,6,3
0.641177152126057,0.66139497161395,0.665450121654501,0.684103811841038,0.665450121654501,0.684103811841038,5,3
0.701565253446667,0.641131958121696,0.725355032652638,0.729242251477143,0.725355032652638,0.729242251477143,5,3
0.663557097318582,0.666182261391337,0.648509281830114,0.661213200825052,0.648509281830114,0.661213200825052,6,3
0.717955615332885,0.676126429051782,0.707935440484196,0.706455951580363,0.707935440484196,0.706455951580363,4,3
0.636617967050047,0.701429903636929,0.668272717853072,0.695782820433116,0.668272717853072,0.695782820433116,5,3
0.668993135011442,0.691590389016018,0.706464530892449,0.677231121281465,0.706464530892449,0.677231121281465,4,3
0.687151671974522,0.67625398089172,0.714520302547771,0.679189888535032,0.714520302547771,0.679189888535032,4,3
0.623677111433907,0.668551566715086,0.646192156048973,0.652936293836896,0.646192156048973,0.652936293836896,5,3
0.701893287435456,0.715031554790591,0.698106712564544,0.734767641996558,0.698106712564544,0.734767641996558,7,3
0.658845356324348,0.689293899377933,0.675870348139256,0.689948706755429,0.675870348139256,0.689948706755429,4,3
0.709135200974421,0.703836784409257,0.704263093788063,0.706881851400731,0.704263093788063,0.706881851400731,4,3
0.699772209567198,0.669476082004556,0.674373576309795,0.685933940774487,0.674373576309795,0.685933940774487,4,3
0.649930907415937,0.665591893136803,0.65827959465684,0.691962229387379,0.65827959465684,0.691962229387379,4,3
0.627705112960761,0.62871581450654,0.656123662306778,0.652972651605232,0.656123662306778,0.652972651605232,4,3
0.689430552637109,0.681183021643202,0.650819499894936,0.659749947467955,0.650819499894936,0.659749947467955,5,3
0.689226519337017,0.661889963167588,0.672076427255985,0.684507366482505,0.672076427255985,0.684507366482505,5,3
0.720518358531318,0.725539956803456,0.744438444924406,0.685151187904968,0.744438444924406,0.685151187904968,5,3
0.680429864253394,0.671889140271493,0.626923076923077,0.662839366515837,0.626923076923077,0.662839366515837,3,3
0.699643493761141,0.641201935319582,0.646231219760631,0.681754519989814,0.646231219760631,0.681754519989814,4,3
0.661148140184906,0.687164050741776,0.656364222747796,0.70108578800258,0.656364222747796,0.70108578800258,5,3
0.682853159851301,0.632202602230483,0.681749535315985,0.703705855018587,0.680936338289963,0.703705855018587,6,3
0.746599253641507,0.718851570964247,0.726736487299868,0.714939207896954,0.726736487299868,0.714939207896954,6,3
0.664880952380952,0.672470238095238,0.678769841269841,0.659325396825397,0.678769841269841,0.659325396825397,6,3
0.686601495112133,0.67607820586544,0.677803335250144,0.682978723404255,0.677803335250144,0.682978723404255,6,3
0.658201175557281,0.676999001885328,0.675945436397915,0.670954863036487,0.675945436397915,0.670954863036487,6,3
0.661426700011909,0.647254972013814,0.637489579611766,0.651006311778016,0.637489579611766,0.651006311778016,5,3
0.68282159341762,0.69416014449127,0.682771422837648,0.659090909090909,0.682771422837648,0.659090909090909,6,3
0.664279319606088,0.673959265890779,0.676421217547001,0.629923903312444,0.676421217547001,0.629923903312444,5,3
0.676814988290398,0.652224824355972,0.69519906323185,0.682845433255269,0.69519906323185,0.682845433255269,4,3
0.655854686993188,0.652827332684615,0.682398097091578,0.65747648394421,0.682398097091578,0.65747648394421,5,3
0.706144358154408,0.678962996802193,0.694609410689813,0.678391959798995,0.694609410689813,0.678391959798995,6,3
0.680163122633265,0.649237790076706,0.651956500631129,0.58102728420235,0.651956500631129,0.58102728420235,5,2
0.723396501457726,0.680089893100097,0.706511175898931,0.652332361516035,0.706511175898931,0.652332361516035,5,3
0.635019593872462,0.680382377389859,0.670882318014488,0.667854174088588,0.670882318014488,0.667854174088588,6,3
0.701689933872153,0.694394877715965,0.695129631573423,0.72231552429936,0.695129631573423,0.72231552429936,4,3
0.708729182966357,0.657203531910137,0.687437129764167,0.672124734547893,0.687437129764167,0.672124734547893,4,3
0.687975120939876,0.68032999308915,0.686074637180373,0.682748790601244,0.686074637180373,0.682748790601244,4,3
0.689651065856854,0.685066095033941,0.680481124211028,0.673692985590092,0.680481124211028,0.673692985590092,4,3
0.644173913043478,0.610608695652174,0.621275362318841,0.633391304347826,0.621275362318841,0.633391304347826,5,3
0.693886415463134,0.681507221196655,0.699370181344337,0.680747095232924,0.699370181344337,0.680747095232924,4,3
0.660223592101139,0.660484797826768,0.676888517396301,0.687075540695852,0.676888517396301,0.687075540695852,6,3
0.667959282598158,0.666892874454678,0.654338342220068,0.663451284537082,0.654338342220068,0.663451284537082,5,3
0.69629403380167,0.687690897984117,0.70494807574832,0.677866015068214,0.70494807574832,0.677866015068214,6,3
0.681092871082539,0.647859028814143,0.656468832510619,0.618356101480886,0.656468832510619,0.618356101480886,4,3
0.693446574084701,0.674165040743716,0.701251004246528,0.675427522093424,0.701251004246528,0.675427522093424,4,3
0.677172677482691,0.710085770383383,0.66513382246564,0.704660535289863,0.66513382246564,0.704660535289863,5,3
0.727790178571429,0.709263392857143,0.701116071428571,0.686049107142857,0.701116071428571,0.686049107142857,5,3
0.670020780925298,0.681669036421306,0.653067920813737,0.691895439133764,0.653067920813737,0.691895439133764,4,3
0.646564125262808,0.636715724244772,0.670576518756224,0.679429014053336,0.670576518756224,0.679429014053336,4,3
0.662477735998417,0.645161290322581,0.660993469226202,0.671234909954483,0.660993469226202,0.671234909954483,5,3
0.695242472994714,0.643013100436681,0.697655711330729,0.690703286600781,0.697655711330729,0.690703286600781,4,3
0.692021595680864,0.584103179364127,0.692081583683263,0.657948410317936,0.692081583683263,0.657948410317936,4,3
0.687311463046757,0.692496229260935,0.662565987933635,0.68684012066365,0.662565987933635,0.68684012066365,5,3
0.711203506011911,0.67546915383751,0.675019665130914,0.644622991347342,0.675019665130914,0.644622991347342,5,3
0.694802098235575,0.702372436814497,0.71500953743443,0.701955174058178,0.71500953743443,0.701955174058178,5,3
0.662579525737421,0.622787738577212,0.665644881434355,0.662868710237131,0.665644881434355,0.662868710237131,5,3
0.724799170769629,0.707437159885981,0.70348535890127,0.713008551438196,0.70348535890127,0.713008551438196,5,3
0.670249520153551,0.68637236084453,0.662635956493922,0.679654510556622,0.662635956493922,0.679654510556622,4,3
0.718984748463465,0.715684042795356,0.689221488732074,0.677896653767357,0.689221488732074,0.677896653767357,4,3
0.673389236811379,0.648869546757245,0.652637724233096,0.642341577327248,0.652637724233096,0.642341577327248,5,3
0.706843592578941,0.723368964246222,0.701683253470942,0.708317975181226,0.701683253470942,0.708317975181226,4,3
0.663059163059163,0.646645021645022,0.667628667628668,0.654521404521405,0.667628667628668,0.654521404521405,4,3
0.699279297067825,0.688419389870668,0.689258564517721,0.709300029617929,0.689258564517721,0.709300029617929,6,3
0.718055555555556,0.69905753968254,0.705753968253968,0.707589285714286,0.705753968253968,0.707589285714286,4,3
0.657853970876794,0.671331199008572,0.681245481772178,0.65847361354952,0.681245481772178,0.65847361354952,4,3
0.69279433840875,0.661323182500536,0.693276860390307,0.660465365644435,0.693276860390307,0.660465365644435,4,3
0.688735458242694,0.6609287808569,0.690910810555188,0.673460701787572,0.690910810555188,0.673460701787572,6,3
0.66609958035613,0.68475671997278,0.675683339004196,0.711579902461155,0.675683339004196,0.711579902461155,4,3
0.659721422815702,0.626971336479797,0.640439737538851,0.614193622654541,0.640439737538851,0.614193622654541,5,3
0.699446958270488,0.677325289089995,0.699346405228758,0.68667672197084,0.699346405228758,0.68667672197084,5,3
0.673787599754451,0.603069367710252,0.691282995702885,0.648250460405157,0.691282995702885,0.648250460405157,5,3
0.688759822343697,0.657669969251794,0.647363626010705,0.657783851497552,0.647363626010705,0.657783851497552,5,3
0.67924722336487,0.646544631838749,0.682949403537639,0.672819827231592,0.682949403537639,0.672819827231592,4,3
0.652012095836241,0.64741800418702,0.612002791346825,0.632298208885787,0.612002791346825,0.632298208885787,5,3
0.704376548307184,0.677362274389525,0.677244308127875,0.676123628642208,0.677244308127875,0.676123628642208,4,3
0.705809918280533,0.671331019814172,0.724616590171275,0.680790327997313,0.724616590171275,0.680790327997313,4,3
0.712154561017364,0.672413793103448,0.699620934213744,0.687637564196625,0.699620934213744,0.687637564196625,5,3
0.655279815131116,0.665276800964533,0.68396463377876,0.6661308148297,0.68396463377876,0.6661308148297,4,3
0.696160661547549,0.654341405788541,0.683520378027171,0.626757235676314,0.683520378027171,0.626757235676314,4,3
0.708084644601194,0.695659251220836,0.698317959848074,0.707596310363538,0.698317959848074,0.707596310363538,4,3
0.677753481413281,0.655311313154563,0.680170330302682,0.67959489009092,0.680170330302682,0.67959489009092,5,3
0.666631777266067,0.667102784174168,0.667207452375968,0.680186309399205,0.667207452375968,0.680186309399205,4,3
0.742551854179761,0.685040854808297,0.727529855436832,0.691703331238215,0.727529855436832,0.691703331238215,4,3
0.666875065124518,0.688600604355528,0.666197770136501,0.626289465457956,0.666197770136501,0.626289465457956,4,2
0.61295662730383,0.572067100761505,0.635249972409226,0.6101975499393,0.635249972409226,0.6101975499393,6,3
0.702192384349103,0.675548096087276,0.685880625196685,0.639725165215567,0.685880625196685,0.639725165215567,4,3
0.683024137243168,0.729902254139238,0.710502692998205,0.710502692998205,0.710502692998205,0.710502692998205,5,3
0.679304385396414,0.692590192266148,0.669907107366602,0.71797364441564,0.669907107366602,0.71797364441564,5,3
0.692282028469751,0.646852758007117,0.69661921708185,0.692893683274021,0.69661921708185,0.692893683274021,5,3
0.672810518901151,0.641993425686781,0.654378962197699,0.63142756515614,0.654378962197699,0.63142756515614,4,3
0.722137209895435,0.692552920173425,0.693573068094874,0.689301198673808,0.693573068094874,0.689301198673808,4,3
0.689214081047892,0.692079410560786,0.66301678264429,0.679185427752763,0.66301678264429,0.679185427752763,6,3
0.658485026423958,0.625836758661186,0.660481503229595,0.623605402231356,0.660481503229595,0.623605402231356,4,3
0.666784917899858,0.673018447192378,0.661159537806609,0.65173322521792,0.661159537806609,0.65173322521792,4,3
0.657906239755218,0.643263031362693,0.659053655338214,0.591465413615998,0.659053655338214,0.591465413615998,5,2
0.651296829971182,0.673342939481268,0.667146974063401,0.679634966378482,0.667146974063401,0.679634966378482,4,3
0.663289502047855,0.676169433067471,0.706833369260616,0.661726665229575,0.706833369260616,0.661726665229575,4,3
0.675531268973892,0.665027322404372,0.680510018214936,0.692167577413479,0.680510018214936,0.692167577413479,5,3
0.730239132995641,0.719165979502886,0.712922605725056,0.718930380492402,0.712922605725056,0.718930380492402,4,4
0.673689367956884,0.636746692797648,0.651298383145517,0.652915237628613,0.651298383145517,0.652915237628613,6,3
0.670291777188329,0.668899204244032,0.675729442970822,0.687798408488064,0.675729442970822,0.687798408488064,5,3
0.695333633904418,0.665520739404869,0.677186654643823,0.67143823264202,0.677186654643823,0.67143823264202,5,3
0.673694880892043,0.697465788139888,0.677394830207805,0.713938165230613,0.677394830207805,0.713938165230613,4,3
0.683699131229995,0.656378600823045,0.696959304983996,0.674954275262917,0.696959304983996,0.674954275262917,5,3
0.689002339927675,0.694320357370772,0.65480748776856,0.699212933418422,0.65480748776856,0.699212933418422,5,3
0.674945698366229,0.643497969591085,0.654830484465011,0.647653225044858,0.654830484465011,0.647653225044858,5,3
0.696743988082571,0.713024047669717,0.714673334752075,0.722600553309215,0.714673334752075,0.722600553309215,6,3
0.693546491124956,0.668214411660985,0.674856000940402,0.698189726107911,0.674856000940402,0.698189726107911,6,3
0.694432290527237,0.679118354845767,0.695033909429009,0.692791511704222,0.695033909429009,0.692791511704222,4,3
0.69309462915601,0.658407928388747,0.71227621483376,0.67806905370844,0.71227621483376,0.67806905370844,4,3
0.67880158281515,0.653646127755794,0.712040700960995,0.653985302430752,0.712040700960995,0.653985302430752,5,3
0.677780423910455,0.634258156703977,0.661526553941415,0.667956656346749,0.661526553941415,0.667956656346749,4,3
0.717317896767969,0.717136999517607,0.690545103714424,0.706705258080077,0.676917510853835,0.706705258080077,5,3
0.715561569688769,0.698376184032476,0.721853856562923,0.677807848443843,0.721853856562923,0.677807848443843,4,3
0.660795690012433,0.661210111893908,0.634479900538748,0.685401989225031,0.662142561127227,0.685401989225031,6,3
0.640840840840841,0.645465465465465,0.633153153153153,0.664444444444444,0.633153153153153,0.664444444444444,4,3
0.717365399198353,0.699057523561911,0.698678366374174,0.706369840753981,0.698678366374174,0.706369840753981,5,3
0.706257622666291,0.673374613003096,0.698095506145042,0.747349657566376,0.698095506145042,0.747349657566376,5,3
0.70980689954437,0.717238012584075,0.705359080060751,0.709047515730093,0.705359080060751,0.709047515730093,3,3
0.681144561468916,0.679606673501724,0.715117904744151,0.699878833069252,0.715117904744151,0.699878833069252,4,3
0.699509001636661,0.68417894162575,0.67075831969449,0.622094926350246,0.67075831969449,0.622094926350246,4,2
0.689578959000995,0.657475964194939,0.66664824842524,0.680517184219251,0.66664824842524,0.680517184219251,4,3
0.688580527752502,0.693186988171065,0.670154686078253,0.700409463148317,0.670154686078253,0.700409463148317,5,3
0.64368835198936,0.655436107724704,0.663526543278289,0.654881968303225,0.670841183641804,0.654881968303225,7,3
0.686388919184208,0.649089322717854,0.65923219544116,0.614461773366779,0.65923219544116,0.614461773366779,4,2
0.656590224693074,0.684618948343757,0.66794069955988,0.67709057215659,0.66794069955988,0.67709057215659,6,3
0.680784766301212,0.659780727062897,0.683208309290248,0.666820542412002,0.683208309290248,0.666820542412002,4,3
0.658485026423958,0.643452730475631,0.644274809160305,0.684380504991192,0.644274809160305,0.684380504991192,3,3
0.656566670011036,0.640212701916324,0.63118290358182,0.602137052272499,0.63118290358182,0.602137052272499,4,2
0.698549236102195,0.669212992681987,0.675696495057132,0.699126973937604,0.675696495057132,0.699126973937604,5,3
0.720129059117402,0.68385720233139,0.716382181515404,0.689581598667777,0.716382181515404,0.689581598667777,4,3
0.714700950251537,0.663163778647289,0.646506428172163,0.693907210732253,0.646506428172163,0.693907210732253,4,4
0.72188870930501,0.679808358346802,0.706303394135304,0.682636804433156,0.706303394135304,0.682636804433156,6,3
0.702783672450381,0.688116340032455,0.688865310198477,0.680564224191736,0.688865310198477,0.680564224191736,5,3
0.665533522190746,0.652360717658168,0.681869688385269,0.691029272898961,0.681869688385269,0.691029272898961,4,3
0.685678859268444,0.665034097954123,0.683137011779293,0.661066336019839,0.683137011779293,0.661066336019839,5,3
0.698577120091064,0.700056915196357,0.701479795105293,0.68406374501992,0.701479795105293,0.68406374501992,4,3
0.66756695926176,0.70599819941481,0.67296871483232,0.683884762547828,0.67296871483232,0.683884762547828,4,3
0.727620221948212,0.672503082614057,0.680579531442663,0.699938347718866,0.680579531442663,0.699938347718866,4,3
0.706644880174292,0.712472766884532,0.68322440087146,0.699836601307189,0.68322440087146,0.699836601307189,5,3
0.621345029239766,0.618533513270355,0.620838956365272,0.612123256860099,0.620838956365272,0.612123256860099,5,3
0.707751091703057,0.713155021834061,0.671724890829694,0.689737991266376,0.671724890829694,0.689737991266376,6,3
0.702891519503202,0.685425965457015,0.695517174461479,0.704104405200854,0.679895206675723,0.704104405200854,6,3
0.687617990005552,0.656635202665186,0.692171016102165,0.65835646862854,0.692171016102165,0.65835646862854,4,3
0.732818218788125,0.692354615697438,0.71858479056527,0.671682255659482,0.71858479056527,0.671682255659482,6,3
0.689784727863526,0.642567018683997,0.684555239642567,0.673283915515841,0.684555239642567,0.673283915515841,5,3
0.679586269606729,0.635371675380768,0.651625369402137,0.677994998863378,0.651625369402137,0.677994998863378,6,3
0.667137886037408,0.658220965637234,0.696172248803828,0.683123096998695,0.696172248803828,0.683123096998695,5,3
0.672716512132571,0.688252120733873,0.659794831327678,0.632028013414875,0.659794831327678,0.632028013414875,4,2
0.687253214538828,0.691961121798117,0.689834970132631,0.713070770476865,0.689834970132631,0.713070770476865,5,3
0.648682299232206,0.650757418551567,0.671768001660095,0.672442415438888,0.671768001660095,0.672442415438888,5,3
0.743682310469314,0.717455935442769,0.736462093862816,0.722605648757698,0.736462093862816,0.722605648757698,5,3
0.670913671155896,0.670913671155896,0.660304234085844,0.680990214126538,0.660304234085844,0.680990214126538,5,3
0.699054318994349,0.666820435935878,0.680256025833237,0.685272748241264,0.680256025833237,0.685272748241264,4,3
0.660349854227405,0.667638483965015,0.617407677356657,0.652757531584062,0.617407677356657,0.652757531584062,5,3
0.70806890299184,0.616903394781908,0.687821093986098,0.670645713710084,0.687821093986098,0.670645713710084,4,3
0.661233807602463,0.651146740284561,0.65937566362285,0.654703758759822,0.65937566362285,0.654703758759822,4,3
0.709231264072049,0.718398198777742,0.725581644687466,0.716629141202959,0.725581644687466,0.716629141202959,5,3
0.724422639703243,0.691635754457341,0.686430537274141,0.684874955127438,0.686430537274141,0.684874955127438,5,3
0.700180530481878,0.715247882238578,0.710526315789474,0.725940841549785,0.710526315789474,0.725940841549785,5,3
0.688136395927066,0.655695003551977,0.706310679611651,0.68115084063462,0.706310679611651,0.68115084063462,4,3
0.682188841201717,0.666952789699571,0.643615879828326,0.660675965665236,0.643615879828326,0.660675965665236,5,3
0.676615717896257,0.697556866048863,0.700024070285233,0.706161993019617,0.700024070285233,0.706161993019617,4,3
0.663453951076542,0.647672190282944,0.668526659903055,0.6432758426333,0.668526659903055,0.6432758426333,4,3
0.706113537117904,0.676528384279476,0.687008733624454,0.687336244541485,0.687008733624454,0.687336244541485,5,3
0.70502572583609,0.681229327453142,0.707414553472988,0.7095736861448,0.707414553472988,0.7095736861448,5,3
0.696822057357989,0.710164987266083,0.716753404938545,0.679769682205736,0.716753404938545,0.679769682205736,4,3
0.666538412209824,0.67384891624984,0.705848403232012,0.696036937283571,0.705848403232012,0.696036937283571,4,3
0.652261675383063,0.691118451234058,0.653133314983026,0.678640242224057,0.653133314983026,0.678640242224057,5,3
0.684025559105431,0.652928647497338,0.706602768903088,0.692279020234292,0.706602768903088,0.692279020234292,4,3
0.70254422580004,0.701898230967998,0.709600477042338,0.689624329159213,0.709600477042338,0.689624329159213,6,3
0.651239281099495,0.646246916480677,0.696346763773053,0.639492540819922,0.696346763773053,0.639492540819922,5,3
0.654324894514768,0.645727848101266,0.670622362869198,0.659388185654008,0.670622362869198,0.659388185654008,5,3
0.715535148136001,0.734612441237564,0.706133158412594,0.724499836011807,0.706133158412594,0.724499836011807,4,3
0.680305510092744,0.690016366612111,0.669776322967812,0.68139661756683,0.669776322967812,0.68139661756683,4,3
0.643606480941835,0.668784240587481,0.665578738780744,0.670241286863271,0.665578738780744,0.670241286863271,4,3
0.682295242766062,0.674203040706228,0.672927905836194,0.658312898479647,0.672927905836194,0.658312898479647,5,3
0.706232868549637,0.687283994756287,0.624895721606483,0.668335120962936,0.624895721606483,0.668335120962936,5,3
0.704574198988196,0.689766020236088,0.693507588532884,0.699357082630691,0.693507588532884,0.699357082630691,4,3
0.699054932073243,0.691277810592636,0.687783028155149,0.67336089781453,0.687783028155149,0.67336089781453,4,3
0.707778859677594,0.677593854809045,0.734014930217462,0.706047819971871,0.734014930217462,0.706047819971871,6,3
0.707328385899815,0.70211038961039,0.704719387755102,0.701646567717996,0.704719387755102,0.701646567717996,6,3
0.695749202975558,0.693889479277365,0.711689691817216,0.707810839532412,0.711689691817216,0.707810839532412,4,3
0.644546850998464,0.654377880184332,0.641986687147977,0.674398361495136,0.641986687147977,0.674398361495136,4,3
0.693985626024461,0.676711637876686,0.689635607111335,0.667318118774429,0.689887782120792,0.667318118774429,6,3
0.719960495994733,0.706627894217053,0.689564358608581,0.698836826511577,0.689564358608581,0.698836826511577,4,3
0.728887535525782,0.682145757206659,0.695747056435242,0.681587494924888,0.695747056435242,0.681587494924888,5,3
0.68156766687079,0.698969177383139,0.690702184119208,0.691620738926311,0.690702184119208,0.691620738926311,6,3
0.675947319778189,0.650473659889094,0.665723197781885,0.648856284658041,0.665723197781885,0.648856284658041,5,3
0.680962343096234,0.646861924686192,0.677876569037657,0.66678870292887,0.677876569037657,0.66678870292887,4,3
0.698803497468937,0.699896456511735,0.693108605614358,0.70294523699954,0.693108605614358,0.70294523699954,7,3
0.679130434782609,0.676135265700483,0.698067632850242,0.674782608695652,0.698067632850242,0.674782608695652,5,3
0.709105560032232,0.677909519972372,0.706400368366525,0.694658685391965,0.738056866582249,0.694658685391965,6,3
0.699266503667482,0.684318737497222,0.701767059346522,0.684485441209158,0.701767059346522,0.684485441209158,5,3
0.659870656582265,0.654006357557821,0.661405239504549,0.644908473089992,0.661405239504549,0.644908473089992,4,3
0.693286631640397,0.70630472854641,0.704670169293637,0.706946876824285,0.704670169293637,0.706946876824285,4,3
0.690692640692641,0.661580086580087,0.703679653679654,0.659577922077922,0.685930735930736,0.659577922077922,6,3
0.624049051890542,0.647269217667764,0.616214374929034,0.648631770182809,0.616214374929034,0.648631770182809,5,3
0.71447455386649,0.696353822427847,0.666446353822428,0.715906587354043,0.666446353822428,0.715906587354043,6,3
0.656656598513011,0.647246747211896,0.665717936802974,0.673036710037175,0.665717936802974,0.673036710037175,4,3
0.636548767416935,0.641639871382637,0.665487674169346,0.654555198285102,0.665487674169346,0.654555198285102,5,3
0.705943933930441,0.672443875770618,0.747470047691055,0.712341514481796,0.747470047691055,0.712341514481796,4,3
0.695614789337919,0.673688736027515,0.697979363714531,0.676698194325022,0.697979363714531,0.676698194325022,5,3
0.698801429065345,0.664400138296646,0.67016249855941,0.706407744612193,0.67016249855941,0.706407744612193,5,3
0.683375287293422,0.640636970559264,0.651636204443472,0.665316843602933,0.651636204443472,0.665316843602933,4,3
0.652088452088452,0.672972972972973,0.664373464373464,0.662653562653563,0.664373464373464,0.662653562653563,4,3
0.64562908496732,0.657322303921569,0.651348039215686,0.653850081699346,0.651348039215686,0.653850081699346,5,3
0.718914938013993,0.731803117712041,0.701792070700871,0.613538725911378,0.701792070700871,0.613538725911378,4,2
0.691688069110437,0.694898435675928,0.714510856876021,0.681181414896101,0.714510856876021,0.681181414896101,4,3
0.668096809680968,0.652255225522552,0.684598459845985,0.690594059405941,0.684598459845985,0.690594059405941,4,3
0.68619109947644,0.667157504363002,0.628054101221641,0.651668848167539,0.628054101221641,0.651668848167539,5,3
0.703908554572271,0.660213864306785,0.656096361848574,0.657755653883973,0.656096361848574,0.657755653883973,6,3
0.639221003327992,0.640145445581166,0.63256501910514,0.652039935905337,0.63256501910514,0.652039935905337,6,3
0.676539440203562,0.647480916030534,0.680814249363868,0.667379134860051,0.680814249363868,0.667379134860051,5,3
0.744126284875184,0.70001223690651,0.731522271169848,0.636625061184533,0.731522271169848,0.636625061184533,4,2
0.659223880597015,0.617134328358209,0.660238805970149,0.632238805970149,0.660238805970149,0.632238805970149,4,3
0.677788900011122,0.663051940829719,0.672950728506284,0.641029918807697,0.672950728506284,0.641029918807697,4,3
0.654510089958668,0.658886457573547,0.666909798200827,0.680768295647945,0.666909798200827,0.680768295647945,4,3
0.661960033504846,0.702943640062223,0.6176259423238,0.685174105540266,0.6176259423238,0.685174105540266,4,3
0.676839606646321,0.679608906974115,0.686277834294111,0.6767830903131,0.686277834294111,0.6767830903131,4,3
0.661564992455271,0.679780125026946,0.667978012502695,0.671912050010778,0.667978012502695,0.671912050010778,4,3
0.679859894921191,0.671862230005838,0.695796847635727,0.674022183304145,0.695796847635727,0.674022183304145,4,3
0.696775548786892,0.668417183069005,0.691313937611595,0.661432622623674,0.691313937611595,0.661432622623674,5,3
0.691258933479934,0.695217152281473,0.662781748213304,0.689389774601429,0.662781748213304,0.689389774601429,5,3
0.704246197815658,0.674441155455752,0.698121874043074,0.673675614984179,0.698121874043074,0.673675614984179,5,3
0.684174855981023,0.64441432282842,0.704619902857788,0.684005421890884,0.704619902857788,0.684005421890884,5,3
0.692584223500411,0.695100657354149,0.713229252259655,0.67974527526705,0.713229252259655,0.67974527526705,4,3
0.710187831768069,0.673080849326256,0.692221314822376,0.672672519395672,0.692221314822376,0.672672519395672,6,3
0.664945724119672,0.648001059041567,0.654289118347895,0.653097696584591,0.654289118347895,0.653097696584591,4,3
0.677353195164076,0.676543609671848,0.680267702936097,0.695325993091537,0.680267702936097,0.695325993091537,5,3
0.699295042181902,0.658211025078008,0.685080318964521,0.650352478909049,0.685080318964521,0.650352478909049,4,3
0.659911694780935,0.612192912940111,0.674063172195177,0.652949167893128,0.674063172195177,0.652949167893128,4,3
0.725471293916024,0.685839760068552,0.684340188517566,0.648618251928021,0.684340188517566,0.648618251928021,5,3
0.684012931483992,0.666962144123475,0.672645739910314,0.687245802482011,0.672645739910314,0.687245802482011,4,3
0.67839255902695,0.692582876222275,0.684652993083711,0.677080849034104,0.684652993083711,0.677080849034104,6,3
0.731251742403122,0.733272930025091,0.697309729579035,0.728394201282409,0.697309729579035,0.728394201282409,6,3
0.674156095463341,0.673564824768867,0.694044291550204,0.693668028380993,0.694044291550204,0.693668028380993,5,3
0.646582486961296,0.683731356940251,0.657379449171928,0.614923597767408,0.657379449171928,0.614923597767408,5,2
0.732848763070645,0.719969395562357,0.695740882427952,0.685348125478194,0.695740882427952,0.685348125478194,5,3
0.644760641504884,0.667852405643314,0.680453394429037,0.681297479802243,0.680453394429037,0.681297479802243,6,3
0.688450645127452,0.669673764816952,0.653152208119165,0.636578202035036,0.653152208119165,0.636578202035036,4,3
0.711373778796285,0.713544807622723,0.750934748522494,0.687251236280304,0.750934748522494,0.687251236280304,6,3
0.716714232535054,0.706787442610746,0.691835215287256,0.674029035860529,0.691835215287256,0.674029035860529,4,3
0.728715577044356,0.677685516081564,0.673691402144209,0.609154929577465,0.673691402144209,0.609154929577465,4,2
0.6449173598358,0.682240466673868,0.702549422058982,0.68272658528681,0.702549422058982,0.68272658528681,4,3
0.683604135893648,0.627769571639586,0.679615952732644,0.632791728212703,0.679615952732644,0.632791728212703,5,3
0.667808564231738,0.645239294710327,0.670125944584383,0.670428211586902,0.670125944584383,0.670428211586902,6,3
0.620407770725139,0.661906135795345,0.637766878245816,0.646758992113868,0.637766878245816,0.646758992113868,5,3
0.684034666388222,0.663830009397515,0.660645296021719,0.670199436149107,0.660645296021719,0.670199436149107,5,3
0.667792113830942,0.704449535753045,0.676232967563005,0.642650428071868,0.676232967563005,0.642650428071868,5,2
0.698793727382388,0.690832328106152,0.683232810615199,0.681061519903498,0.683232810615199,0.681061519903498,6,3
0.678544914625093,0.661469933184855,0.696114823063598,0.665243751546647,0.696114823063598,0.665243751546647,4,3
0.689143288463958,0.67945653541326,0.656434771669392,0.67769530758586,0.656434771669392,0.67769530758586,4,3
0.659663865546218,0.679971988795518,0.656593406593407,0.678625296272355,0.656593406593407,0.678625296272355,4,3
0.678665596698384,0.698326263900034,0.677576521838817,0.719305284879055,0.677576521838817,0.719305284879055,4,3
0.703939427191924,0.676780423570723,0.714364095248546,0.693843959179195,0.714364095248546,0.693843959179195,4,3
0.661839003031324,0.65998652745032,0.675311552711351,0.667564836645335,0.675311552711351,0.667564836645335,4,3
0.721954484605087,0.71338688085676,0.729651941097724,0.72235609103079,0.729651941097724,0.72235609103079,6,3
0.667151650811416,0.661779518746503,0.671572467823167,0.66205931729155,0.671572467823167,0.66205931729155,4,3
0.713161081953977,0.707004440855874,0.685456197012515,0.688332660476383,0.685456197012515,0.688332660476383,5,3
0.674751929437707,0.68614479970599,0.689819919147372,0.713585691534975,0.689819919147372,0.713585691534975,4,3
0.66572458824676,0.674788032355521,0.650959945424423,0.688480654906929,0.650959945424423,0.688480654906929,4,3
0.67721117223868,0.649121878967414,0.641451544646636,0.646424037240796,0.656474820143885,0.646424037240796,6,3
0.701732283464567,0.675695538057743,0.70010498687664,0.678215223097113,0.70010498687664,0.678215223097113,4,3
0.693195625759417,0.682442284325638,0.670716889428919,0.672964763061968,0.670716889428919,0.672964763061968,5,3
0.736513344690517,0.687961385576377,0.712436115843271,0.69557069846678,0.712436115843271,0.69557069846678,4,3
0.68344039971449,0.654651439448013,0.719248156078991,0.706995003568879,0.719248156078991,0.706995003568879,4,3
0.664331276795984,0.687493464394019,0.656279410226916,0.69235595524417,0.646136149743804,0.69235595524417,6,3
0.736083098023397,0.734721661960468,0.727258975393304,0.687626058894716,0.727258975393304,0.687626058894716,4,3
0.668200532816663,0.677888108500848,0.680976023250182,0.66965366916929,0.680976023250182,0.66965366916929,5,3
0.722314277823806,0.675365921016294,0.714995857497929,0.668323667495167,0.714995857497929,0.668323667495167,5,3
0.693022119027252,0.689783697910302,0.682145912257118,0.671025296346083,0.682145912257118,0.671025296346083,6,3
0.689210752424205,0.668773781760157,0.678286485823002,0.675831594451946,0.678286485823002,0.675831594451946,4,3
0.701495016611296,0.658693244739756,0.668327796234773,0.642414174972314,0.668327796234773,0.642414174972314,4,3
0.718647621543703,0.678220416721269,0.690669637006945,0.678875638841567,0.690669637006945,0.678875638841567,5,3
0.702173651975501,0.686261558784676,0.701272967455266,0.716524558664585,0.701272967455266,0.716524558664585,5,3
0.661605328516595,0.719293294197336,0.716753217430571,0.701682095281102,0.716753217430571,0.701682095281102,4,3
0.680055723241235,0.691490596703042,0.700835848618528,0.720687253308567,0.700835848618528,0.720687253308567,5,3
0.663560749631501,0.656717203621815,0.673562855337966,0.676352916403453,0.673562855337966,0.676352916403453,5,3
0.658255063935725,0.658311644223153,0.649202217947267,0.663007808079665,0.649202217947267,0.663007808079665,5,3
0.668623388581952,0.71046270718232,0.697571362799263,0.710692909760589,0.697571362799263,0.710692909760589,6,3
0.70005810575247,0.659558396281232,0.697559558396281,0.665020337013364,0.682568274259152,0.665020337013364,6,3
0.666561712846348,0.676847187237615,0.65066120906801,0.681622586062133,0.675640218303946,0.681622586062133,6,3
0.645011150974498,0.635944923882478,0.662173955202172,0.661446717734898,0.662173955202172,0.661446717734898,5,3
0.708697303456134,0.681162172426889,0.650462083808077,0.67286998354222,0.650462083808077,0.67286998354222,6,3
0.690081680280047,0.689498249708285,0.714177362893816,0.686639439906651,0.714177362893816,0.686639439906651,4,3
0.621233427079148,0.631980715146645,0.626908396946565,0.651466452390518,0.626908396946565,0.651466452390518,5,3
0.681964094637974,0.601771489715848,0.675781714421591,0.663951967661396,0.675781714421591,0.663951967661396,4,3
0.73543599257885,0.703153988868275,0.693320964749536,0.702968460111317,0.693320964749536,0.702968460111317,5,3
0.691808839668762,0.691559413349297,0.680035917390003,0.675246932056271,0.680035917390003,0.675246932056271,4,3
0.677351672689125,0.660275090336869,0.661265881804406,0.687259587364495,0.661265881804406,0.687259587364495,6,3
0.685556441508144,0.668185442533318,0.706173823897938,0.673197402893268,0.706173823897938,0.673197402893268,4,3
0.66503881793138,0.672051089406461,0.669546706736789,0.665164037064863,0.669546706736789,0.665164037064863,5,3
0.695092024539877,0.72321063394683,0.707310838445808,0.706850715746421,0.707310838445808,0.706850715746421,5,3
0.670401005130353,0.655585802533766,0.677049523610093,0.674065542875092,0.677049523610093,0.674065542875092,6,3
0.710575916230367,0.71869109947644,0.658429319371728,0.617958115183246,0.658429319371728,0.617958115183246,3,2
0.689601815556014,0.68903445430163,0.674850422942026,0.685475551887766,0.674850422942026,0.685475551887766,4,3
0.674966200991438,0.678853086976115,0.690344749887337,0.680261378999549,0.690344749887337,0.680261378999549,4,3
0.727678571428571,0.680966898954704,0.684832317073171,0.668390679442509,0.684832317073171,0.668390679442509,5,3
0.692503176620076,0.744426475684417,0.720861730391591,0.736918100958762,0.720861730391591,0.736918100958762,4,3
0.694282657791513,0.653869012242957,0.674610721502437,0.653512421252823,0.674610721502437,0.653512421252823,5,3
0.678485092667204,0.65335414987913,0.660203464947623,0.670880338436745,0.660203464947623,0.670880338436745,6,3
0.672047115279747,0.631202966517614,0.644290544225106,0.638946449994547,0.644290544225106,0.638946449994547,5,3
0.659347970725216,0.686759813705922,0.683100465735196,0.667465069860279,0.683100465735196,0.667465069860279,4,3
0.689340522604728,0.676327250103691,0.702094566569888,0.678297386976358,0.702094566569888,0.678297386976358,5,3
0.692942453854506,0.688056460369164,0.658469055374593,0.699619978284473,0.658469055374593,0.699619978284473,5,3
0.647075418469061,0.670443859319165,0.622578521722776,0.694094414143314,0.622578521722776,0.694094414143314,4,3
0.686977299880526,0.639253949289792,0.685915305986991,0.632815611310235,0.685915305986991,0.632815611310235,5,3
0.674761311747613,0.663086342880863,0.696502698215027,0.68659194686592,0.696502698215027,0.68659194686592,5,3
0.682116309575864,0.691353301268037,0.679930039352864,0.617238740708352,0.679930039352864,0.617238740708352,5,2
0.684876824817518,0.676608120437956,0.655451642335766,0.689039689781022,0.655451642335766,0.689039689781022,5,3
0.699119627136199,0.681576903158985,0.736082340756085,0.679699637493527,0.736082340756085,0.679699637493527,6,3
0.699820504698554,0.674163235138845,0.673635307781649,0.666138739309471,0.673635307781649,0.666138739309471,4,3
0.644036697247706,0.65493119266055,0.643520642201835,0.656077981651376,0.643520642201835,0.656077981651376,6,3
0.714322198385943,0.659873327204004,0.653182143221984,0.703340484216978,0.653182143221984,0.703340484216978,4,3
0.656096256684492,0.657914438502674,0.681016042780749,0.589946524064171,0.681016042780749,0.589946524064171,6,2
0.691232091690544,0.675873925501433,0.717191977077364,0.676045845272206,0.717191977077364,0.676045845272206,4,3
0.685225828809056,0.665068730507104,0.714219706595818,0.70220630703477,0.714219706595818,0.70220630703477,4,3
0.667656844106464,0.640625,0.647100760456274,0.654467680608365,0.647100760456274,0.654467680608365,4,3
0.642125277278969,0.636949403190029,0.635734657230379,0.666684271680575,0.635734657230379,0.666684271680575,4,3
0.652414097889736,0.667219091813059,0.672909070820904,0.594188487459949,0.672909070820904,0.594188487459949,5,3
0.689280868385346,0.655359565807327,0.685832202623247,0.68990275893261,0.685832202623247,0.68990275893261,4,3
0.705915556559043,0.699254910815082,0.711898848498532,0.693610295777828,0.711898848498532,0.693610295777828,6,3
0.653020268914309,0.652919927754365,0.65567930965282,0.635009030704395,0.65567930965282,0.635009030704395,6,3
0.685509554140127,0.668960418562329,0.666515013648772,0.656392174704277,0.666515013648772,0.656392174704277,6,3
0.650947811841797,0.649953194476948,0.646384273344255,0.637315703252984,0.646384273344255,0.637315703252984,5,3
0.691044192412984,0.697545952287837,0.668508017207665,0.606521314039891,0.668508017207665,0.606521314039891,5,2
0.640989669684989,0.642583854100242,0.660757556434128,0.642201249840582,0.660757556434128,0.642201249840582,5,3
0.711354444115616,0.685409884581237,0.680181513268225,0.671303146887639,0.680181513268225,0.671303146887639,4,3
0.679148389857708,0.631432545201669,0.657269712207125,0.628383438536429,0.657269712207125,0.628383438536429,5,3
0.720461722748557,0.72677774147882,0.742349994555156,0.733202657083742,0.742349994555156,0.733202657083742,5,3
0.656164533420851,0.666666666666667,0.704572803850782,0.654961163986435,0.704572803850782,0.654961163986435,6,3
0.674257311293492,0.674893075944977,0.700208068431395,0.675239856663969,0.700208068431395,0.675239856663969,4,3
0.680679785330948,0.626621198568873,0.700637298747764,0.675368962432916,0.700637298747764,0.675368962432916,5,3
0.672737955346651,0.666470818644732,0.692910301605954,0.588180571876224,0.692910301605954,0.588180571876224,4,2
0.640958832725378,0.648384575299635,0.620375195414278,0.648449713392392,0.620375195414278,0.648449713392392,6,3
0.734267515923567,0.687388535031847,0.728343949044586,0.698407643312102,0.728343949044586,0.698407643312102,4,3
0.677907265063228,0.638544507810563,0.684106124473097,0.649268534589636,0.684106124473097,0.649268534589636,5,3
0.688817964208367,0.69269349139405,0.666077738515901,0.690926706941753,0.666077738515901,0.690926706941753,5,3
0.698440979955457,0.678563474387528,0.650389755011136,0.672494432071269,0.650389755011136,0.672494432071269,3,3
0.714712981425123,0.66880050372547,0.691153321439815,0.603998320915101,0.691153321439815,0.603998320915101,4,2
0.652651558725411,0.650926032439894,0.662947198895663,0.635568848498792,0.662947198895663,0.635568848498792,5,3
0.721538982285908,0.690962428071759,0.709691977885592,0.677535823084734,0.709691977885592,0.677535823084734,5,3
0.69097605893186,0.668017188459177,0.656783302639656,0.662369551872314,0.656783302639656,0.662369551872314,6,3
0.66294693691642,0.633796401730813,0.646948303347757,0.650250512411751,0.646948303347757,0.650250512411751,5,3
0.682948490230906,0.693112295243734,0.688770475626604,0.71556147621867,0.688770475626604,0.71556147621867,5,3
0.654808959156785,0.68997668997669,0.681514138035877,0.679892571196919,0.681514138035877,0.679892571196919,6,3
0.711716621253406,0.697275204359673,0.700926430517711,0.684632152588556,0.700926430517711,0.684632152588556,4,3
0.676792494974313,0.656019656019656,0.647475988385079,0.653004243913335,0.647475988385079,0.653004243913335,7,3
0.6612853785634,0.500664146316542,0.652804740982937,0.620568100541535,0.652804740982937,0.620568100541535,5,2
0.654859868813357,0.670960047704234,0.673464519976148,0.679010137149672,0.673464519976148,0.679010137149672,4,3
0.680630284396618,0.659712309212694,0.658065224552542,0.615680245964643,0.658065224552542,0.615680245964643,5,2
0.684811827956989,0.671594982078853,0.649305555555556,0.653113799283154,0.649305555555556,0.653113799283154,4,3
0.703319758114279,0.702023941749969,0.689065778106874,0.698074787115883,0.689065778106874,0.698074787115883,4,3
0.608421583459405,0.625189107413011,0.593229954614221,0.640254664649521,0.593229954614221,0.640254664649521,6,3
0.674794895168642,0.682999088422972,0.634001823154057,0.665394257064722,0.634001823154057,0.665394257064722,5,3
0.718047337278107,0.722435897435897,0.720956607495069,0.710897435897436,0.720956607495069,0.710897435897436,6,3
0.700021777003484,0.675195993031359,0.708895905923345,0.663109756097561,0.708895905923345,0.663109756097561,4,3
0.713646532438479,0.653970917225951,0.705313199105145,0.649832214765101,0.705313199105145,0.649832214765101,4,3
0.659189157611871,0.665498305876855,0.674144175721463,0.651770066596565,0.674144175721463,0.651770066596565,4,3
0.70126079850572,0.668806911043661,0.689061405556853,0.659117441045996,0.689061405556853,0.659117441045996,4,3
0.702676133260513,0.696668487165483,0.655543418896778,0.687766247951939,0.655543418896778,0.687766247951939,7,3
0.643349342242639,0.655564836082689,0.655773647943203,0.661776988932971,0.655773647943203,0.661776988932971,4,3
0.754357119368629,0.735010413241258,0.740271840403376,0.710566699550586,0.740271840403376,0.710566699550586,4,3
0.669252211853109,0.648163858926191,0.634468549266756,0.66088958914071,0.634468549266756,0.66088958914071,4,3
0.633949492319708,0.678794584743556,0.611103879198125,0.677883363707368,0.611103879198125,0.677883363707368,5,3
0.71179593721145,0.702042936288089,0.694886888273315,0.687673130193906,0.694886888273315,0.687673130193906,4,3
0.653081732916481,0.669439481911568,0.648280482358196,0.67390576150067,0.648280482358196,0.67390576150067,5,3
