"streed_initial_loss","streed_initial_loss01","streed_super_loss","streed_super_loss01","forest_loss","forest_loss01"
0.692406311637081,0.632396449704142,0.692406311637081,0.632396449704142,0.717554240631164,0.699605522682446
0.692737752161383,0.714121037463977,0.696311239193084,0.714121037463977,0.703976945244957,0.730893371757925
0.586186852673853,0.61863242443458,0.586186852673853,0.61863242443458,0.66576833650391,0.6356478545762
0.633559025881839,0.684558261439336,0.633559025881839,0.684558261439336,0.6621164136726,0.68848968002621
0.721913105244466,0.634367230969575,0.721913105244466,0.634367230969575,0.70853557476027,0.663667574286729
0.681955211024978,0.688038329026701,0.681955211024978,0.688038329026701,0.692614125753661,0.675602928509905
0.660121032481166,0.6428924292948,0.660121032481166,0.6428924292948,0.63764357169322,0.640360627392862
0.687154696132597,0.677645558861029,0.687154696132597,0.677645558861029,0.702879303017425,0.663195920101997
0.576842453662842,0.629192409532215,0.576842453662842,0.629192409532215,0.654512356575463,0.610326566637246
0.641992294991745,0.64105668684645,0.641992294991745,0.64105668684645,0.671766648321409,0.643093010456797
0.711972756601745,0.734078145537101,0.711972756601745,0.734078145537101,0.767236228940136,0.743756721233122
0.656253543485656,0.591733756661753,0.656253543485656,0.591733756661753,0.632838190271006,0.620705295384964
0.66074305275876,0.651731776077326,0.66074305275876,0.651731776077326,0.660088602496979,0.638743455497382
0.714836325237592,0.706071805702218,0.714836325237592,0.706071805702218,0.754487856388596,0.642977824709609
0.665227581102751,0.67620574811891,0.665227581102751,0.67620574811891,0.682373257678549,0.662390526705316
0.633578696687595,0.598614418705347,0.633578696687595,0.598614418705347,0.649382983329725,0.647380385364798
0.628820055941158,0.655340308712317,0.628820055941158,0.655340308712317,0.661763182430332,0.63223868227494
0.669430693069307,0.666831683168317,0.669430693069307,0.666831683168317,0.718069306930693,0.655816831683168
0.717704051673517,0.726903503621061,0.717704051673517,0.726903503621061,0.733509493051478,0.718095517713838
0.652103183825238,0.704740878456891,0.652103183825238,0.704740878456891,0.681036486172438,0.692249593306995
0.684590438330369,0.664975415838477,0.684590438330369,0.664975415838477,0.652474108170311,0.675436761167486
0.677084483710657,0.689453340695748,0.677084483710657,0.689453340695748,0.694643843180563,0.693152954168967
0.643659440637987,0.653936875210603,0.643659440637987,0.653936875210603,0.679883185443109,0.660339211501741
0.707391569945021,0.688047240887803,0.707391569945021,0.688047240887803,0.690388922826308,0.69283241702301
0.638202365863963,0.661068863540346,0.638202365863963,0.661068863540346,0.644486692015209,0.666666666666667
0.691134952004517,0.69553924336533,0.691134952004517,0.69553924336533,0.725465838509317,0.704347826086957
0.646858965469422,0.703647205658022,0.646858965469422,0.703647205658022,0.716682845652475,0.668908611843018
0.645867098865478,0.67959886547812,0.645867098865478,0.67959886547812,0.657009724473258,0.655237034035656
0.662215058715174,0.67746949113516,0.662215058715174,0.67746949113516,0.690018420446696,0.679196408012894
0.686023940472339,0.659710988892484,0.686023940472339,0.659710988892484,0.695028577590855,0.673676264423595
0.649844637308475,0.651612557591343,0.649844637308475,0.651612557591343,0.645076609878924,0.652201864352298
0.681955189390134,0.626293579825178,0.681955189390134,0.626293579825178,0.701095147191801,0.661559328845574
0.667019774011299,0.651281275221953,0.667019774011299,0.651281275221953,0.707526230831316,0.6579398708636
0.706498718091629,0.675064095418571,0.706498718091629,0.675064095418571,0.695240218481775,0.664641623007469
0.686485846263177,0.697264005685183,0.686485846263177,0.697264005685183,0.697856212246832,0.67327963993841
0.654564032697548,0.69550408719346,0.654564032697548,0.69550408719346,0.674523160762943,0.674591280653951
0.630011033468187,0.649380899840628,0.630011033468187,0.649380899840628,0.664092190756406,0.64637734461199
0.616767865483419,0.632589911256422,0.616767865483419,0.632589911256422,0.639654367118169,0.63626809901915
0.671894676588437,0.695878649112765,0.671894676588437,0.695878649112765,0.735546651402404,0.698568975386377
0.681094881843011,0.696473102956893,0.681094881843011,0.696473102956893,0.686141788386177,0.700570003562522
0.702975239616613,0.681509584664537,0.702975239616613,0.681509584664537,0.703374600638978,0.660343450479233
0.614046720391717,0.646281750484546,0.614046720391717,0.646281750484546,0.658114862797103,0.643680505967561
0.654569449026724,0.689816342241285,0.654569449026724,0.689816342241285,0.711426371934455,0.71494556252062
0.717375844494489,0.632452293469243,0.717375844494489,0.632452293469243,0.687092568448501,0.724961479198767
0.683818663136995,0.647253474520185,0.683818663136995,0.647253474520185,0.687293183322303,0.691319214648136
0.67840838348205,0.657138410458601,0.67840838348205,0.657138410458601,0.667773396970326,0.668707200664038
0.705042225534029,0.703365623447591,0.705042225534029,0.703365623447591,0.67374565325385,0.69846000993542
0.686763005780347,0.687919075144509,0.686763005780347,0.687919075144509,0.710520231213873,0.72271676300578
0.684410430839002,0.641666666666667,0.684410430839002,0.641666666666667,0.673809523809524,0.59671201814059
0.704446157800051,0.720444615780005,0.704446157800051,0.720444615780005,0.723335903366744,0.72153687997944
0.707345446487924,0.73061156658542,0.707345446487924,0.73061156658542,0.698759140261467,0.731553290494128
0.602417241044559,0.644694689835938,0.602417241044559,0.644694689835938,0.644888845743132,0.656877973012329
0.672413793103448,0.59879584017515,0.672413793103448,0.59879584017515,0.653639846743295,0.65528188286809
0.647150203556889,0.683683308335119,0.647150203556889,0.683683308335119,0.689093636168845,0.663863295478894
0.681512518104697,0.705669356507345,0.681512518104697,0.705669356507345,0.696254914132009,0.709238568177116
0.64906617477519,0.63990085312428,0.64906617477519,0.63990085312428,0.650564906617478,0.634367074014296
0.658755220535805,0.665783844351635,0.67474788631965,0.665783844351635,0.685952938779668,0.659671997555261
0.703169881001231,0.640541649569142,0.703169881001231,0.640541649569142,0.693783340172343,0.688756668034469
0.66224964596399,0.644244386000405,0.66224964596399,0.644244386000405,0.656180457212219,0.649605502731135
0.589018213169523,0.639777993318245,0.589018213169523,0.639777993318245,0.596723784890613,0.641286776592305
0.645653921230911,0.687047881501895,0.645653921230911,0.687047881501895,0.65150993225399,0.702204615914571
0.667825223435948,0.7046783625731,0.667825223435948,0.7046783625731,0.666335650446872,0.684651881275516
0.739363647446056,0.680421796903572,0.739363647446056,0.680421796903572,0.756552480799707,0.67109594050957
0.672527612035039,0.675447505395455,0.672527612035039,0.675447505395455,0.717785959121493,0.676970928018281
0.640769308839947,0.633867857505328,0.640769308839947,0.633867857505328,0.681721303156399,0.716380797726581
0.680954773869347,0.705879396984925,0.680954773869347,0.705879396984925,0.707738693467337,0.693316582914573
0.700664493480441,0.666311434302909,0.700664493480441,0.666311434302909,0.746238716148445,0.677908726178536
0.60444001259578,0.641597564815787,0.60444001259578,0.641597564815787,0.641230187887058,0.655715335362653
0.699823067566073,0.691031737255336,0.699823067566073,0.691031737255336,0.711268384385713,0.704909875041469
0.66592452410108,0.680952911054214,0.66592452410108,0.680952911054214,0.664143381943671,0.654291439385506
0.645337301587302,0.677854938271605,0.645337301587302,0.677854938271605,0.67173721340388,0.653824955908289
0.671016708528994,0.702304248116195,0.671016708528994,0.702304248116195,0.667358305121765,0.691875068253795
0.734994795882965,0.70012721174974,0.734994795882965,0.70012721174974,0.728460737828148,0.683647507806176
0.656635882536059,0.67334232645014,0.656635882536059,0.67334232645014,0.681539898308602,0.659593234409048
0.629984135378107,0.676361713379165,0.629984135378107,0.676361713379165,0.630988894764675,0.664463246959281
0.683273358977541,0.649336145923812,0.683273358977541,0.649336145923812,0.690284154361583,0.654671795508128
0.644900995765137,0.641524550761131,0.644900995765137,0.641524550761131,0.65062378390752,0.713402769829461
0.685775667118951,0.711047037539575,0.685775667118951,0.711047037539575,0.727385798281321,0.701831750339213
0.656469408224674,0.627006018054162,0.656469408224674,0.627006018054162,0.717527582748245,0.688628385155466
0.632240611075748,0.657171652875027,0.632240611075748,0.657171652875027,0.679609590494377,0.678071292170592
0.71692818692017,0.720077883403963,0.71692818692017,0.720077883403963,0.702095979841942,0.715267437865078
0.672328736405427,0.672104496019733,0.672328736405427,0.672104496019733,0.704787532234555,0.64356990694024
0.705288870008496,0.717236618521665,0.705288870008496,0.717236618521665,0.70518266779949,0.721378504672897
0.651681415929204,0.673687315634218,0.651681415929204,0.673687315634218,0.693687315634218,0.697286135693215
0.698574667962423,0.714555663535255,0.698574667962423,0.714555663535255,0.74711154302991,0.699438505560955
0.680634662327095,0.666395443449959,0.680634662327095,0.666395443449959,0.697314890154597,0.673660351040335
0.614846657256512,0.67522135249583,0.614846657256512,0.67522135249583,0.70531245989991,0.689593224688823
0.628961695508458,0.680488041998833,0.628961695508458,0.680488041998833,0.675821504958196,0.680488041998833
0.674545024816828,0.698770976128575,0.674545024816828,0.698770976128575,0.69120775230442,0.62367052706216
0.58689733408962,0.65263754963131,0.58689733408962,0.65263754963131,0.619909245604084,0.650311968235961
0.658426257100778,0.659004839049022,0.658426257100778,0.659004839049022,0.702082895013676,0.669577109194193
0.688685344827586,0.696605603448276,0.688685344827586,0.696605603448276,0.724353448275862,0.719450431034483
0.640875388662999,0.667663238459699,0.640875388662999,0.667663238459699,0.683807701506817,0.671250896914614
0.716598704725354,0.637083233389302,0.716598704725354,0.637083233389302,0.725713600383785,0.661609498680739
0.626170066016356,0.705291161690807,0.626170066016356,0.705291161690807,0.673563897920977,0.706424278254015
0.668409067384329,0.678759962736777,0.668409067384329,0.678759962736777,0.701273160128351,0.689783666287134
0.635689397710304,0.654006968641115,0.635689397710304,0.654006968641115,0.677849676455948,0.648780487804878
0.643587360594795,0.670306691449814,0.643587360594795,0.670306691449814,0.696793680297398,0.67599907063197
0.686894297949065,0.693486590038314,0.686894297949065,0.693486590038314,0.676583276988956,0.709432048681542
0.646977366058638,0.647168369783211,0.646977366058638,0.647168369783211,0.674147645879095,0.646499856747207
0.70814479638009,0.664882463304271,0.70814479638009,0.664882463304271,0.654563513960931,0.678843394768789
0.665724199974296,0.687636550571906,0.665724199974296,0.687636550571906,0.6690656727927,0.665145868140342
0.661930294906166,0.683646112600536,0.661930294906166,0.683646112600536,0.698659517426273,0.672922252010724
0.71295459679241,0.626157668850237,0.71295459679241,0.626157668850237,0.695278969957081,0.707928619832844
0.680204817875015,0.666181775864075,0.680204817875015,0.666181775864075,0.661817758640754,0.673978819969743
0.677871148459384,0.677929505135388,0.677871148459384,0.677929505135388,0.69187675070028,0.677696078431373
0.640177632347785,0.665127965408438,0.640177632347785,0.665127965408438,0.68026177398621,0.661622063807409
0.660389268805892,0.673645449763282,0.660389268805892,0.673645449763282,0.670699631772751,0.682693319305629
0.648671358050625,0.688163008087386,0.648671358050625,0.688163008087386,0.706543430311942,0.694884991072366
0.662382226358032,0.689135745027335,0.662382226358032,0.689135745027335,0.716587181574968,0.681691287658486
0.673520213135642,0.693270010425113,0.673520213135642,0.693270010425113,0.68458241630951,0.707749333951118
0.689064840573507,0.710250374491761,0.689064840573507,0.710250374491761,0.743633640059919,0.705916969826664
0.654704862881028,0.670863492710776,0.654704862881028,0.670863492710776,0.668059944948517,0.675502089917423
0.659677030609785,0.701132803085081,0.659677030609785,0.701132803085081,0.659616775126536,0.710954446854664
0.704916350200144,0.688494303602586,0.704916350200144,0.688494303602586,0.69875808272606,0.693472236477471
0.681579218637254,0.69714462426554,0.681579218637254,0.69714462426554,0.712091536954953,0.708122873930523
0.660192581245213,0.667195535616588,0.660192581245213,0.667195535616588,0.690994638363059,0.643669985775249
0.692151556156969,0.636332882273342,0.692151556156969,0.636332882273342,0.692489851150203,0.657532701849346
0.650641025641026,0.626358105171664,0.650641025641026,0.626358105171664,0.719904389395915,0.711592785745328
0.689554140127389,0.68312101910828,0.689554140127389,0.68312101910828,0.709426751592357,0.702484076433121
0.666075781076889,0.711056946598715,0.691557722136051,0.711056946598715,0.736095723465544,0.699756259694217
0.6706438102659,0.668647121846693,0.6706438102659,0.668647121846693,0.687250413947599,0.680042855751437
0.653544648943422,0.650590774823904,0.653544648943422,0.650590774823904,0.664394455805499,0.662235855487389
0.619383465670248,0.688510042036432,0.619383465670248,0.688510042036432,0.665670247547875,0.682578234469874
0.670695927708015,0.699507100105621,0.670695927708015,0.699507100105621,0.683839924891445,0.694460744044126
0.610245093436003,0.660155883181519,0.610245093436003,0.660155883181519,0.663536482298807,0.634237956615645
0.618531623175586,0.665247678018576,0.618531623175586,0.665247678018576,0.665192392746572,0.674148606811146
0.697329376854599,0.65459940652819,0.697329376854599,0.65459940652819,0.685014836795252,0.685608308605341
0.659276417383631,0.728711669975734,0.659276417383631,0.728711669975734,0.730090447827046,0.71299360247077
0.71537109129725,0.705638578425217,0.71537109129725,0.705638578425217,0.655531834735652,0.710975762903428
0.632428795694102,0.61101143754205,0.632428795694102,0.61101143754205,0.693316887194438,0.656088809150034
0.720433676291625,0.699247704392079,0.720433676291625,0.699247704392079,0.733709481137294,0.704226131209205
0.668057003823427,0.684103811841038,0.668057003823427,0.684103811841038,0.643494380720658,0.66151083304368
0.679744998445112,0.699906706748212,0.679744998445112,0.699906706748212,0.703845755157044,0.640199025603815
0.633602100131258,0.661213200825052,0.633602100131258,0.661213200825052,0.665385336583536,0.665807237952372
0.712306657700067,0.706455951580363,0.712306657700067,0.706455951580363,0.707330195023537,0.679085406859449
0.662832867060408,0.695782820433116,0.662832867060408,0.695782820433116,0.634442026732981,0.70008289296446
0.683867276887872,0.677231121281465,0.693821510297483,0.677231121281465,0.67025171624714,0.691590389016018
0.636046974522293,0.679189888535032,0.636046974522293,0.679189888535032,0.684613853503185,0.676851114649682
0.649564224942934,0.652936293836896,0.649564224942934,0.652936293836896,0.61454658642872,0.665231375804109
0.698164084911073,0.734767641996558,0.698164084911073,0.734767641996558,0.699254159495123,0.715031554790591
0.693386445487286,0.689948706755429,0.693386445487286,0.689948706755429,0.658736221761432,0.689184764815017
0.650852618757613,0.706881851400731,0.650852618757613,0.706881851400731,0.714372716199756,0.703593179049939
0.712699316628702,0.685933940774487,0.712699316628702,0.685933940774487,0.699544419134396,0.668906605922551
0.636688162137264,0.691962229387379,0.636688162137264,0.691962229387379,0.646591432519576,0.665591893136803
0.650118906064209,0.652972651605232,0.650118906064209,0.652972651605232,0.621997621878716,0.624554102259215
0.658068922042446,0.691321706240807,0.658068922042446,0.691321706240807,0.692897667577222,0.681183021643202
0.67777394106814,0.684507366482505,0.67777394106814,0.684507366482505,0.697398710865562,0.661889963167588
0.720950323974082,0.685151187904968,0.720950323974082,0.685151187904968,0.723002159827214,0.725431965442765
0.704920814479638,0.591402714932127,0.704920814479638,0.591402714932127,0.683484162895928,0.670984162895928
0.66322892793481,0.681754519989814,0.66322892793481,0.681754519989814,0.692640692640693,0.646040234275528
0.657923027305956,0.624650612771447,0.657923027305956,0.624650612771447,0.665770801978069,0.689851644807568
0.66449814126394,0.703705855018587,0.66449814126394,0.703705855018587,0.684479553903346,0.634526022304833
0.724810400866739,0.714939207896954,0.724810400866739,0.714939207896954,0.750692187311906,0.716203202118695
0.657291666666667,0.659325396825397,0.657291666666667,0.659325396825397,0.665376984126984,0.673065476190476
0.676710753306498,0.682978723404255,0.676710753306498,0.682978723404255,0.681771132834963,0.676423231742381
0.650160807363868,0.670954863036487,0.650160807363868,0.670954863036487,0.66097371631363,0.677775313297105
0.569072287721805,0.651006311778016,0.569072287721805,0.651006311778016,0.663213052280576,0.647493152316303
0.652317880794702,0.694712020870961,0.652317880794702,0.694712020870961,0.681918522978126,0.694260485651214
0.64598254252462,0.629923903312444,0.64598254252462,0.629923903312444,0.664391226499552,0.67205684870188
0.678747072599532,0.655035128805621,0.678747072599532,0.655035128805621,0.670843091334895,0.653981264637002
0.635582225105417,0.65747648394421,0.635582225105417,0.65747648394421,0.652611093091145,0.651854254514001
0.672852900867976,0.652523983554134,0.672852900867976,0.652523983554134,0.702603928734582,0.684444952032892
0.686037479366929,0.63093504223711,0.686037479366929,0.63093504223711,0.678124089717448,0.649431983687737
0.675109329446064,0.680879494655005,0.675109329446064,0.680879494655005,0.718172983479106,0.680575801749271
0.656275976724854,0.667854174088588,0.656275976724854,0.667854174088588,0.637691485571785,0.680738629616435
0.706885693292747,0.72231552429936,0.706885693292747,0.72231552429936,0.703789230607746,0.665949406948672
0.68089862523751,0.672124734547893,0.68089862523751,0.672124734547893,0.709846876047837,0.65709176260199
0.705425017277125,0.682748790601244,0.705425017277125,0.682748790601244,0.692078438147892,0.680675535590878
0.682148386328451,0.673692985590092,0.682148386328451,0.673692985590092,0.689234250327498,0.685185185185185
0.643594202898551,0.633391304347826,0.643594202898551,0.633391304347826,0.642260869565217,0.611188405797101
0.696383972201108,0.680747095232924,0.696383972201108,0.680747095232924,0.687696818329895,0.681507221196655
0.65625326507157,0.687075540695852,0.65625326507157,0.687075540695852,0.661790826454916,0.666440288371121
0.664129907901115,0.663451284537082,0.664129907901115,0.663451284537082,0.668783325254484,0.666892874454678
0.651445734066382,0.677866015068214,0.651445734066382,0.677866015068214,0.693952351863164,0.68514559152922
0.637010676156584,0.641315578004822,0.637010676156584,0.641315578004822,0.679141315578005,0.647055447135805
0.673935498680133,0.675427522093424,0.673935498680133,0.675427522093424,0.697520945713302,0.673935498680133
0.697530226309807,0.704660535289863,0.697530226309807,0.704660535289863,0.677482690916606,0.705228893252041
0.714564732142857,0.686049107142857,0.714564732142857,0.686049107142857,0.725,0.709263392857143
0.611670130154216,0.655364759925626,0.611670130154216,0.655364759925626,0.674505085858033,0.678934704145248
0.659676883921655,0.608221755007193,0.659676883921655,0.608221755007193,0.644240345247317,0.604514772601527
0.644171779141104,0.643924401345735,0.644171779141104,0.643924401345735,0.665050465070255,0.645656045913319
0.709204780510228,0.690703286600781,0.709204780510228,0.690703286600781,0.692484486324983,0.645426338772696
0.675584883023395,0.657948410317936,0.675584883023395,0.657948410317936,0.695740851829634,0.584223155368926
0.622926093514329,0.68684012066365,0.622926093514329,0.68684012066365,0.686085972850679,0.691647812971342
0.667546915383751,0.674120687717721,0.667546915383751,0.674120687717721,0.710641645128666,0.67546915383751
0.670660467334287,0.701955174058178,0.670660467334287,0.701955174058178,0.691940867906533,0.701299475441106
0.652111046847889,0.662868710237131,0.652111046847889,0.662868710237131,0.666628108733372,0.62325043377675
0.680940658201607,0.682948950505312,0.680940658201607,0.682948950505312,0.718450375745012,0.706789323658979
0.641906589891235,0.679654510556622,0.641906589891235,0.679654510556622,0.670761356365963,0.68637236084453
0.727122695196904,0.677896653767357,0.727122695196904,0.677896653767357,0.717163669474163,0.7151149556112
0.669833351024307,0.642341577327248,0.669833351024307,0.642341577327248,0.677316633053816,0.649187984290415
0.712741122988082,0.708317975181226,0.712741122988082,0.708317975181226,0.701683253470942,0.716979972969652
0.63498075998076,0.654521404521405,0.63498075998076,0.654521404521405,0.662698412698413,0.649290524290524
0.675239411590483,0.709300029617929,0.675239411590483,0.709300029617929,0.700957646361931,0.688518116299733
0.683630952380952,0.707589285714286,0.683730158730159,0.707589285714286,0.718452380952381,0.704513888888889
0.636011566663224,0.65847361354952,0.636011566663224,0.65847361354952,0.658370339770732,0.673396674584323
0.690971477589535,0.660465365644435,0.690971477589535,0.660465365644435,0.698262920866395,0.661001501179498
0.693417194741322,0.673460701787572,0.693417194741322,0.673460701787572,0.690248746807907,0.6609287808569
0.694680730407168,0.711579902461155,0.694680730407168,0.711579902461155,0.666609958035613,0.684416468186458
0.651836076896512,0.606596063082767,0.651836076896512,0.606596063082767,0.659606308276735,0.626971336479797
0.690749120160885,0.68667672197084,0.690749120160885,0.68667672197084,0.699949723479135,0.67833081950729
0.647575199508901,0.648250460405157,0.647575199508901,0.648250460405157,0.669244935543278,0.603069367710252
0.635178225714611,0.657783851497552,0.635178225714611,0.657783851497552,0.687165470903086,0.655620088828152
0.67734471410942,0.672819827231592,0.67734471410942,0.672819827231592,0.673488276429453,0.651789387083505
0.663817166782973,0.649744126541056,0.663817166782973,0.649744126541056,0.661200279134682,0.64741800418702
0.658487672525658,0.676123628642208,0.658487672525658,0.676123628642208,0.701073492981007,0.675710746726436
0.666013657226016,0.70295533415426,0.666013657226016,0.70295533415426,0.694279637299899,0.66931601925445
0.711604304230863,0.687637564196625,0.711604304230863,0.687637564196625,0.709708975299584,0.673025189532893
0.70551592484678,0.6661308148297,0.70551592484678,0.6661308148297,0.66010248166382,0.65824374560434
0.660956881275842,0.675546367395156,0.660956881275842,0.675546367395156,0.697696396928529,0.656231541642056
0.708084644601194,0.707596310363538,0.708084644601194,0.707596310363538,0.707976125881715,0.695659251220836
0.672632063528599,0.639141443204051,0.672632063528599,0.639141443204051,0.674646104269766,0.655541489239268
0.665637429348964,0.652710906426628,0.665637429348964,0.652710906426628,0.66794012978857,0.667416788779569
0.665304839723444,0.691703331238215,0.665304839723444,0.691703331238215,0.744060339409177,0.685292269013199
0.635042200687715,0.683651140981557,0.635042200687715,0.683651140981557,0.670001041992289,0.687350213608419
0.617205606445205,0.6101975499393,0.617205606445205,0.6101975499393,0.610970091601369,0.571625648383181
0.651945872233295,0.677541172768279,0.651945872233295,0.677541172768279,0.700514003986153,0.675128500996538
0.701625772990225,0.710502692998205,0.701625772990225,0.710502692998205,0.689307799720726,0.733592659086375
0.684381075826312,0.71797364441564,0.684381075826312,0.71797364441564,0.680600561676388,0.694534456686109
0.684330516014235,0.692893683274021,0.684330516014235,0.692893683274021,0.691392348754448,0.646296708185053
0.638999765203099,0.63142756515614,0.638999765203099,0.63142756515614,0.672927917351491,0.642463019488143
0.676358071920429,0.689301198673808,0.676358071920429,0.689301198673808,0.717163988778373,0.690130068859985
0.657900122799836,0.679185427752763,0.657900122799836,0.679185427752763,0.691977077363897,0.684302087597217
0.591603053435115,0.623605402231356,0.616970052847915,0.623605402231356,0.664944216089254,0.610921902524956
0.647932292722481,0.65173322521792,0.647932292722481,0.65173322521792,0.665061828501926,0.673829312791405
0.678996830947437,0.655392853240083,0.678996830947437,0.655392853240083,0.658944377663643,0.643263031362693
0.629779058597502,0.679634966378482,0.629779058597502,0.679634966378482,0.653794428434198,0.670749279538905
0.612578141840914,0.661726665229575,0.612578141840914,0.661726665229575,0.664475102392757,0.677247251562837
0.675045537340619,0.692167577413479,0.675045537340619,0.692167577413479,0.672495446265938,0.664420157862781
0.712215808693603,0.718635881729297,0.712215808693603,0.718635881729297,0.729532335964189,0.71881258098716
0.651837334639882,0.652915237628613,0.651837334639882,0.652915237628613,0.671337579617834,0.636746692797648
0.669827586206897,0.687798408488064,0.669827586206897,0.687798408488064,0.662864721485411,0.668103448275862
0.686767357980162,0.67143823264202,0.686767357980162,0.67143823264202,0.700518485121731,0.665633453561767
0.705372529143436,0.713938165230613,0.705372529143436,0.713938165230613,0.669944247339078,0.697465788139888
0.683241883859168,0.674954275262917,0.683241883859168,0.674954275262917,0.680041152263374,0.673525377229081
0.66081684747926,0.659434162944054,0.66081684747926,0.659434162944054,0.694692618591789,0.694320357370772
0.654027764661441,0.647653225044858,0.654027764661441,0.647653225044858,0.671640381528001,0.643686844838984
0.711055543732709,0.722600553309215,0.711055543732709,0.722600553309215,0.696531176846138,0.713449670142584
0.684495121664512,0.698189726107911,0.684495121664512,0.698189726107911,0.692253438344892,0.667744210650053
0.724841391380442,0.692791511704222,0.724841391380442,0.692791511704222,0.702581492014876,0.68174360096259
0.711796675191816,0.67806905370844,0.711796675191816,0.67806905370844,0.695598891730605,0.659153878942881
0.687054833239118,0.653985302430752,0.687054833239118,0.653985302430752,0.673713962690786,0.653193894855851
0.660335794236723,0.667956656346749,0.660335794236723,0.667956656346749,0.675160752560133,0.634258156703977
0.700976845151954,0.706705258080077,0.700976845151954,0.706705258080077,0.71273516642547,0.716292812349252
0.689309878213802,0.677807848443843,0.689309878213802,0.677807848443843,0.721650879566982,0.68660351826793
0.698611686697058,0.561956071280564,0.698611686697058,0.561956071280564,0.651989225031082,0.66193535018649
0.614654654654655,0.567507507507508,0.614654654654655,0.567507507507508,0.639159159159159,0.646066066066066
0.727710973892319,0.706369840753981,0.727710973892319,0.706369840753981,0.711082222944426,0.69580760480988
0.684069800168871,0.747349657566376,0.684069800168871,0.747349657566376,0.704475091471995,0.673656065296932
0.719299197222825,0.709047515730093,0.719299197222825,0.709047515730093,0.717834671295292,0.715393794749403
0.679233852176344,0.699878833069252,0.679233852176344,0.699878833069252,0.686736881349613,0.68855438531084
0.673376977632297,0.694217130387343,0.673376977632297,0.694217130387343,0.696563011456628,0.68417894162575
0.625262459940325,0.680517184219251,0.626809592220135,0.680517184219251,0.695325450326003,0.624102110730468
0.623180163785259,0.700409463148317,0.623180163785259,0.700409463148317,0.689831665150136,0.68397406733394
0.633492186634157,0.654881968303225,0.633492186634157,0.654881968303225,0.63881192508035,0.655436107724704
0.677500272657869,0.698658523284982,0.677500272657869,0.698658523284982,0.688842840004363,0.649198385865416
0.650277970813065,0.67709057215659,0.650277970813065,0.67709057215659,0.652420662497105,0.68137595552467
0.666589728793999,0.666820542412002,0.666589728793999,0.666820542412002,0.681592613964224,0.658972879399885
0.707163828537874,0.684380504991192,0.707163828537874,0.684380504991192,0.651908396946565,0.644039929536113
0.628423798535166,0.611166850607003,0.628423798535166,0.611166850607003,0.6612822313635,0.640513695194141
0.654705353703941,0.621966876364103,0.654705353703941,0.621966876364103,0.70304275259982,0.668956220310695
0.6865632805995,0.689581598667777,0.6865632805995,0.689581598667777,0.723980016652789,0.68385720233139
0.636333147009502,0.618334264952487,0.636333147009502,0.618334264952487,0.714365567356065,0.662716601453326
0.68142461325329,0.682636804433156,0.68142461325329,0.682636804433156,0.71830985915493,0.679808358346802
0.692360504306578,0.680564224191736,0.692360504306578,0.680564224191736,0.703407814255399,0.687367369866434
0.665675165250236,0.66194523135033,0.665675165250236,0.66194523135033,0.66137865911237,0.647639282341832
0.634469931804092,0.661066336019839,0.634469931804092,0.661066336019839,0.68443893366398,0.655610663360198
0.672054638588503,0.68406374501992,0.672054638588503,0.68406374501992,0.703130335799659,0.700056915196357
0.652655863155526,0.703015980193563,0.652655863155526,0.703015980193563,0.659408057618726,0.70532297996849
0.703267570900123,0.699938347718866,0.703267570900123,0.699938347718866,0.723181257706535,0.673119605425401
0.723692810457516,0.69983660130719,0.723692810457516,0.69983660130719,0.710675381263617,0.714760348583878
0.591430499325236,0.612123256860099,0.591430499325236,0.612123256860099,0.613585245164193,0.619995501574449
0.649945414847162,0.689737991266376,0.649945414847162,0.689737991266376,0.700982532751092,0.712390829694323
0.662429652629536,0.640500679215991,0.662429652629536,0.640500679215991,0.699883562973025,0.687075490005822
0.656690727373681,0.65835646862854,0.656690727373681,0.65835646862854,0.688284286507496,0.656635202665186
0.71499254439474,0.671682255659482,0.71499254439474,0.671682255659482,0.733631557543717,0.690185712349193
0.635611291632819,0.634443541835906,0.635611291632819,0.634443541835906,0.690089358245329,0.642160844841592
0.647306205955899,0.677994998863378,0.647306205955899,0.677994998863378,0.682541486701523,0.646283246192316
0.644030013049152,0.683123096998695,0.644030013049152,0.683123096998695,0.67442366246194,0.658764680295781
0.638982047741172,0.632619846123496,0.638982047741172,0.632619846123496,0.667784572894062,0.690323535214046
0.654854712969525,0.64776754075124,0.654854712969525,0.64776754075124,0.687759441125848,0.693074820289562
0.662637476654908,0.672442415438888,0.662637476654908,0.672442415438888,0.641211869682507,0.651483710313343
0.683850074325759,0.722605648757698,0.683850074325759,0.722605648757698,0.740390741133999,0.720641325122107
0.654878403255499,0.680990214126538,0.654878403255499,0.680990214126538,0.672124794109098,0.672367018699738
0.617864144850652,0.685272748241264,0.617864144850652,0.685272748241264,0.700149925037481,0.666820435935878
0.662414965986395,0.652757531584062,0.662414965986395,0.652757531584062,0.660471331389699,0.667759961127308
0.695426614284275,0.670645713710084,0.695426614284275,0.670645713710084,0.70716228467815,0.617507806991035
0.648439159057125,0.654703758759822,0.648439159057125,0.654703758759822,0.660543639838607,0.651571458908473
0.673099603302241,0.706229226975448,0.673099603302241,0.706229226975448,0.713734319716951,0.716682749008256
0.685592916118224,0.684874955127438,0.685592916118224,0.684874955127438,0.72406365920785,0.690439152806031
0.708859880572143,0.725940841549785,0.708859880572143,0.725940841549785,0.702402444104985,0.713442577419803
0.663272555055648,0.656760596732181,0.663272555055648,0.656760596732181,0.683282026995027,0.655695003551977
0.65675965665236,0.660675965665236,0.65675965665236,0.660675965665236,0.681437768240343,0.666952789699571
0.683054519196052,0.706161993019617,0.683054519196052,0.706161993019617,0.675652906486942,0.697436514622698
0.679686619321384,0.6432758426333,0.679686619321384,0.6432758426333,0.664412129410438,0.646432194792019
0.68296943231441,0.687336244541485,0.68296943231441,0.687336244541485,0.702947598253275,0.676528384279476
0.642548695332598,0.7095736861448,0.642548695332598,0.7095736861448,0.702912532157295,0.681504961411246
0.6701361975418,0.679769682205736,0.6701361975418,0.679769682205736,0.693389436385782,0.710607906101207
0.666987302808773,0.603821982813903,0.666987302808773,0.603821982813903,0.656983455175067,0.67551622418879
0.628865033489311,0.678640242224057,0.628865033489311,0.678640242224057,0.650059638498945,0.689925681255161
0.610436634717785,0.692279020234292,0.610436634717785,0.692279020234292,0.689350372736954,0.657507987220447
0.66711389385808,0.689624329159213,0.66711389385808,0.689624329159213,0.705028821307891,0.703687139733651
0.688124045577352,0.639492540819922,0.688124045577352,0.639492540819922,0.65523317279455,0.646246916480677
0.633386075949367,0.659388185654008,0.633386075949367,0.659388185654008,0.655590717299578,0.645727848101266
0.675303378156773,0.724499836011807,0.675303378156773,0.724499836011807,0.723242593199956,0.734612441237564
0.668030551009274,0.68139661756683,0.668030551009274,0.68139661756683,0.691107474086197,0.691107474086197
0.702004895675487,0.670241286863271,0.702004895675487,0.670241286863271,0.643023662431519,0.668784240587481
0.69068170671898,0.658312898479647,0.69068170671898,0.658312898479647,0.683227072094164,0.674006866110839
0.637707067095698,0.668335120962936,0.637707067095698,0.668335120962936,0.710404004290311,0.687879871290669
0.699778667790894,0.700990725126476,0.699778667790894,0.700990725126476,0.704152613827993,0.689766020236088
0.682860799369955,0.67336089781453,0.682860799369955,0.67336089781453,0.697184485134869,0.690194920259894
0.68792599805258,0.706047819971871,0.68792599805258,0.706047819971871,0.714594828518879,0.677593854809045
0.703385899814471,0.701646567717996,0.703385899814471,0.701646567717996,0.709415584415584,0.702458256029685
0.689213602550478,0.707810839532412,0.689213602550478,0.707810839532412,0.689054197662062,0.696758767268863
0.635995903737839,0.674398361495136,0.635995903737839,0.674398361495136,0.64905273937532,0.654889912954429
0.668452906316984,0.66731811877443,0.668452906316984,0.66731811877443,0.6954986760812,0.6772159878956
0.686711291561506,0.698836826511577,0.686272358169648,0.698836826511577,0.722923296389773,0.707834961044661
0.678085667884693,0.681587494924888,0.678085667884693,0.681587494924888,0.728786033292732,0.682145757206659
0.639314145744029,0.691620738926311,0.648091447234129,0.691620738926311,0.679220249030414,0.69896917738314
0.633491219963031,0.648856284658041,0.633491219963031,0.648856284658041,0.677449168207024,0.651166820702403
0.619874476987448,0.589748953974895,0.619874476987448,0.589748953974895,0.686610878661088,0.648012552301255
0.689196962724344,0.70294523699954,0.689196962724344,0.70294523699954,0.701794753796595,0.694374137137598
0.683526570048309,0.674782608695652,0.683526570048309,0.674782608695652,0.680869565217391,0.676038647342995
0.718314723149534,0.694658685391965,0.718314723149534,0.694658685391965,0.714515943363647,0.677909519972372
0.672482773949767,0.684485441209158,0.672482773949767,0.684485441209158,0.700044454323183,0.682429428761947
0.640962402718404,0.644908473089992,0.640962402718404,0.644908473089992,0.667214731996054,0.654225583689576
0.700817279626386,0.706946876824285,0.700817279626386,0.706946876824285,0.699824868651489,0.700934033858727
0.648538961038961,0.659577922077922,0.648538961038961,0.659577922077922,0.694047619047619,0.660497835497835
0.597819915975928,0.648631770182809,0.597819915975928,0.648631770182809,0.618485295787442,0.645225388895197
0.660773298083278,0.715906587354043,0.660773298083278,0.715906587354043,0.711280017625028,0.691506939854594
0.65717936802974,0.673036710037175,0.65717936802974,0.673036710037175,0.663046003717472,0.647246747211896
0.632475884244373,0.581296891747053,0.632475884244373,0.581296891747053,0.639871382636656,0.641747052518757
0.643131324880772,0.681923926951262,0.643131324880772,0.681923926951262,0.707223450040712,0.673025474002559
0.644830180567498,0.676698194325022,0.644830180567498,0.676698194325022,0.696904557179708,0.67347377472055
0.67356229111444,0.673735161922323,0.67356229111444,0.673735161922323,0.698513311052207,0.664400138296646
0.637298894604356,0.665316843602933,0.637298894604356,0.665316843602933,0.681733610594287,0.640636970559264
0.648955773955774,0.662653562653563,0.652395577395577,0.662653562653563,0.660749385749386,0.672604422604423
0.640114379084967,0.653850081699346,0.640114379084967,0.653850081699346,0.644556781045752,0.65579044117647
0.705658524610286,0.631275316067264,0.706885970295814,0.631275316067264,0.715846323800172,0.728489014361115
0.693205696941396,0.681531636703245,0.693205696941396,0.681531636703245,0.691454587905674,0.69583236049498
0.665346534653465,0.617216721672167,0.665346534653465,0.617216721672167,0.671177117711771,0.652255225522552
0.641797556719023,0.651668848167539,0.641797556719023,0.651668848167539,0.68520942408377,0.665957678883072
0.683935594886922,0.657755653883973,0.683935594886922,0.657755653883973,0.703171091445428,0.657141101278269
0.627141624553186,0.652039935905337,0.627141624553186,0.652039935905337,0.639529150745717,0.648773573277456
0.665699745547074,0.631857506361323,0.665699745547074,0.631857506361323,0.674198473282443,0.647786259541985
0.705090553108174,0.7143906020558,0.705090553108174,0.7143906020558,0.740944689182575,0.701603034752814
0.632179104477612,0.632238805970149,0.648537313432836,0.632238805970149,0.662328358208955,0.616059701492537
0.641975308641975,0.641029918807697,0.675342008675342,0.641029918807697,0.682460238015794,0.66282949616283
0.63141259421347,0.680768295647945,0.63141259421347,0.680768295647945,0.654023826890348,0.658278628738147
0.679968888357066,0.685174105540266,0.679968888357066,0.685174105540266,0.657173626899605,0.70258465956683
0.676443992313779,0.6767830903131,0.676443992313779,0.6767830903131,0.680117553973098,0.679269808974794
0.598566501401164,0.671912050010778,0.598566501401164,0.671912050010778,0.657469282172882,0.68118128907092
0.699182720373614,0.674022183304145,0.699182720373614,0.674022183304145,0.679509632224168,0.675364856976065
0.667997059132444,0.661432622623674,0.667997059132444,0.661432622623674,0.696670517802752,0.667786997164163
0.694447498625618,0.689389774601429,0.694447498625618,0.689389774601429,0.686641011544805,0.694337548103353
0.672961110544044,0.673675614984179,0.672961110544044,0.673675614984179,0.709604981116668,0.66658160661427
0.669942392409353,0.684005421890884,0.669942392409353,0.684005421890884,0.679430701457133,0.640912684965548
0.694330320460148,0.67974527526705,0.694330320460148,0.67974527526705,0.696795398520953,0.695203368940016
0.680788076766027,0.610351163740302,0.680788076766027,0.610351163740302,0.713148223764802,0.684309922417313
0.629269261318507,0.653097696584591,0.630857823669579,0.653097696584591,0.667593328038126,0.648001059041567
0.634768998272884,0.695325993091537,0.634768998272884,0.695325993091537,0.673359240069085,0.677299222797927
0.704611117531492,0.650352478909049,0.708655957471397,0.650352478909049,0.697099271928811,0.656593089102046
0.651873655609646,0.608966376089664,0.651873655609646,0.608966376089664,0.66579870938526,0.61445714932639
0.650064267352185,0.642405741216795,0.650064267352185,0.642405741216795,0.725792630676949,0.686053984575835
0.675565752424653,0.652570653874231,0.675565752424653,0.652570653874231,0.685472937741162,0.666127854833664
0.645659432387312,0.699737658001431,0.645659432387312,0.699737658001431,0.680181254471739,0.692344383496303
0.683928073599108,0.728394201282409,0.683928073599108,0.728394201282409,0.726651798160022,0.734945637022582
0.693614276499677,0.693668028380993,0.693614276499677,0.693668028380993,0.678133734680714,0.680660073102559
0.650516973190594,0.695123067069265,0.650516973190594,0.695123067069265,0.651569219507732,0.68611034861378
0.677824534557511,0.718120377454731,0.677824534557511,0.718120377454731,0.729533282325937,0.72162713593471
0.659833594597854,0.681297479802243,0.659833594597854,0.681297479802243,0.64078138188834,0.667490654769082
0.682418965698101,0.636578202035036,0.682418965698101,0.636578202035036,0.688345746354768,0.669673764816952
0.728681703051502,0.687251236280304,0.728681703051502,0.687251236280304,0.715233385598842,0.695452900735738
0.67762749720809,0.674029035860529,0.67762749720809,0.674029035860529,0.717706911527485,0.706787442610746
0.696447340760984,0.663285684254782,0.696447340760984,0.663285684254782,0.723249947445869,0.677685516081564
0.657610456951496,0.68272658528681,0.657610456951496,0.68272658528681,0.652695257642865,0.683968888408772
0.65179714426391,0.632791728212703,0.65179714426391,0.632791728212703,0.682964057114722,0.629837518463811
0.649471032745592,0.670428211586902,0.649471032745592,0.670428211586902,0.667758186397985,0.647758186397985
0.564579726870552,0.646758992113868,0.564579726870552,0.646758992113868,0.613868051548375,0.66219465281785
0.653649368278166,0.670199436149107,0.653649368278166,0.670199436149107,0.680066826772476,0.664143259893495
0.658567466538044,0.71391535029543,0.658567466538044,0.71391535029543,0.667068612082479,0.703726034004582
0.633232810615199,0.681061519903498,0.633232810615199,0.681061519903498,0.696743063932449,0.691917973462002
0.665429349170997,0.665243751546647,0.665429349170997,0.665243751546647,0.67706013363029,0.658129175946548
0.647754434520065,0.67769530758586,0.647754434520065,0.67769530758586,0.693168952069443,0.680462951314631
0.663434604611075,0.678625296272355,0.663434604611075,0.678625296272355,0.656862745098039,0.675878043525102
0.65556574572968,0.647197065229852,0.65556574572968,0.647197065229852,0.675684970766938,0.70061905307807
0.716010095468013,0.681114890815319,0.716010095468013,0.681114890815319,0.693075825743443,0.677109623614616
0.664477377343662,0.667564836645335,0.664477377343662,0.667564836645335,0.662961715504659,0.657516560008982
0.733132530120482,0.72235609103079,0.733132530120482,0.72235609103079,0.717001338688086,0.718206157965194
0.623167319529938,0.66205931729155,0.638388360380526,0.66205931729155,0.676552881925014,0.660324566312255
0.644479208720226,0.688332660476383,0.644479208720226,0.688332660476383,0.710335082761405,0.706096083972547
0.685409775817714,0.713585691534975,0.685409775817714,0.713585691534975,0.677569521009433,0.68614479970599
0.575821070071143,0.688480654906929,0.609443524023,0.688480654906929,0.66260598382224,0.677614267615242
0.626428269149386,0.646424037240796,0.626428269149386,0.646424037240796,0.67054591620821,0.657479898434194
0.67490813648294,0.619685039370079,0.67490813648294,0.619685039370079,0.702782152230971,0.675695538057743
0.635783718104496,0.672964763061968,0.635783718104496,0.672964763061968,0.695382746051033,0.684143377885784
0.708745031232254,0.69557069846678,0.729869392390687,0.69557069846678,0.734241908006814,0.687961385576377
0.656435879133952,0.639305258148941,0.656435879133952,0.639305258148941,0.683083511777302,0.654651439448013
0.675258809996863,0.69235595524417,0.675258809996863,0.69235595524417,0.666370385862177,0.684879222001464
0.703509479628883,0.718384429205325,0.711577248890682,0.718384429205325,0.732855990318677,0.725544574425171
0.684669411479777,0.66965366916929,0.684669411479777,0.66965366916929,0.668321627512715,0.677767013804795
0.675642087821044,0.707470312068489,0.675642087821044,0.707470312068489,0.724109362054681,0.675365921016294
0.651105951362581,0.679396309421972,0.651105951362581,0.679396309421972,0.682023707686668,0.675974581449346
0.638517245611882,0.675831594451946,0.638517245611882,0.675831594451946,0.683196268565116,0.669510249171474
0.673034330011074,0.642414174972314,0.673034330011074,0.642414174972314,0.701550387596899,0.659246954595792
0.720809854540689,0.678875638841567,0.720809854540689,0.678875638841567,0.718254488271524,0.676385794784432
0.629638525279212,0.662063168007686,0.638525279212201,0.662063168007686,0.701453104359313,0.686261558784676
0.703036802890043,0.701682095281102,0.703036802890043,0.701682095281102,0.659629713253556,0.719067509595846
0.679359182725795,0.693870443464128,0.679359182725795,0.693870443464128,0.679359182725795,0.690677966101695
0.677195198989261,0.676352916403453,0.677195198989261,0.676352916403453,0.665087386818278,0.65840176879343
0.597091773226208,0.663007808079665,0.597091773226208,0.663007808079665,0.663573610953944,0.65865112594772
0.65625,0.710692909760589,0.65625,0.710692909760589,0.663789134438306,0.71046270718232
0.671760604299826,0.665020337013364,0.671760604299826,0.665020337013364,0.698779779198141,0.658861127251598
0.663360621326616,0.681622586062133,0.663360621326616,0.681622586062133,0.669710327455919,0.677791771620487
0.644914185978862,0.661446717734898,0.644914185978862,0.661446717734898,0.653253175603607,0.638369048773393
0.662552221800228,0.67286998354222,0.662552221800228,0.67286998354222,0.711355867831371,0.68116217242689
0.668203033838973,0.686639439906651,0.668203033838973,0.686639439906651,0.688681446907818,0.686931155192532
0.597529128163921,0.604811169144235,0.597529128163921,0.604811169144235,0.621384089995982,0.631779831257533
0.678932350493402,0.663951967661396,0.678932350493402,0.663951967661396,0.688205920817976,0.58631553917489
0.685961657390229,0.702968460111317,0.685961657390229,0.702968460111317,0.74582560296846,0.703525046382189
0.69684725132196,0.675246932056271,0.69684725132196,0.675246932056271,0.688416641724035,0.691160331238152
0.655262851148152,0.687259587364495,0.655262851148152,0.687259587364495,0.67793449119944,0.660974472549248
0.691878346053081,0.654459505638455,0.691878346053081,0.654459505638455,0.68401868094316,0.66795762615332
0.673929376408715,0.665164037064863,0.673929376408715,0.665164037064863,0.660781367392938,0.667543200601052
0.670143149284254,0.706850715746421,0.670143149284254,0.706850715746421,0.70357873210634,0.72321063394683
0.655481101455345,0.674065542875092,0.655481101455345,0.674065542875092,0.66349073395456,0.653282378808502
0.664659685863874,0.62151832460733,0.664659685863874,0.62151832460733,0.715078534031414,0.713664921465969
0.65499277903858,0.685475551887766,0.65499277903858,0.685475551887766,0.690736538064782,0.68820920156798
0.671529968454259,0.680261378999549,0.671529968454259,0.680261378999549,0.675754844524561,0.678853086976115
0.670241724738676,0.668390679442509,0.670241724738676,0.668390679442509,0.725936411149826,0.681075783972125
0.675118401293751,0.736918100958762,0.675118401293751,0.736918100958762,0.700704632089638,0.744426475684417
0.678949245215738,0.653512421252823,0.678949245215738,0.653512421252823,0.698918340663259,0.653750148579579
0.682715551974214,0.626661966156326,0.682715551974214,0.626661966156326,0.678686543110395,0.658088235294118
0.642272875995201,0.638946449994547,0.642272875995201,0.638946449994547,0.669974915476061,0.623023230450431
0.608449767132402,0.667465069860279,0.608449767132402,0.667465069860279,0.662142381902861,0.687558216899534
0.66222521775197,0.678297386976358,0.66222521775197,0.678297386976358,0.693384487764413,0.676327250103691
0.669489685124864,0.699619978284473,0.669489685124864,0.699619978284473,0.693702497285559,0.687622149837134
0.657795749482791,0.694094414143314,0.657795749482791,0.694094414143314,0.644630430694,0.663955237916118
0.687309172972255,0.632815611310235,0.687309172972255,0.632815611310235,0.685517058276915,0.639253949289792
0.636363636363636,0.68659194686592,0.636363636363636,0.68659194686592,0.678601079286011,0.664539227895392
0.668233493659816,0.689112374289462,0.668233493659816,0.689112374289462,0.681023174464364,0.692337122868387
0.635834854014598,0.689039689781022,0.635834854014598,0.689039689781022,0.689895072992701,0.676608120437956
0.649792853443812,0.690445365095805,0.649792853443812,0.690445365095805,0.703650958052822,0.680282237182807
0.657111181501425,0.666138739309471,0.657111181501425,0.666138739309471,0.70024284658431,0.674057649667406
0.645183486238532,0.656077981651376,0.645183486238532,0.656077981651376,0.645642201834862,0.65493119266055
0.699101031770354,0.663448769026458,0.705026049647564,0.663448769026458,0.7060986821943,0.662325058739401
0.651550802139037,0.632994652406417,0.651550802139037,0.632994652406417,0.652192513368984,0.657914438502674
0.667392550143266,0.676045845272206,0.667392550143266,0.676045845272206,0.694212034383954,0.675530085959885
0.6819336952755,0.70220630703477,0.6819336952755,0.70220630703477,0.688344692156636,0.665068730507104
0.647041349809886,0.582046102661597,0.647041349809886,0.582046102661597,0.667419201520912,0.639317965779468
0.635893102355551,0.666684271680575,0.632090419351431,0.666684271680575,0.644237878947924,0.636843773106581
0.622030714838139,0.686940669539277,0.622030714838139,0.686940669539277,0.652524582919014,0.667550546900895
0.671132971506106,0.68990275893261,0.671132971506106,0.68990275893261,0.686171415649028,0.656151062867481
0.677353804470535,0.657258974937909,0.677353804470535,0.657258974937909,0.710995710092572,0.699029126213592
0.634808348384507,0.652568733694561,0.634808348384507,0.652568733694561,0.650913104555489,0.652919927754365
0.679310737033667,0.656392174704277,0.679310737033667,0.656392174704277,0.681073703366697,0.667026842584167
0.6353849754271,0.630060847179967,0.6353849754271,0.630060847179967,0.649309618534987,0.650889304937983
0.624120062573328,0.701310129057489,0.624120062573328,0.701310129057489,0.68537348455221,0.698816973015252
0.630723122050759,0.642201249840582,0.630723122050759,0.642201249840582,0.63652595332228,0.643604132126004
0.654680872052876,0.695521357403571,0.654680872052876,0.695521357403571,0.707704449048042,0.686593666765315
0.604204557612068,0.632395420990692,0.604204557612068,0.632395420990692,0.675403872900396,0.632823365785814
0.675705107263422,0.733202657083742,0.699880213437874,0.733202657083742,0.714581291516934,0.722312969617772
0.667104255551909,0.673339897166612,0.670933158297779,0.673339897166612,0.654851766765124,0.666994858330598
0.665067622240203,0.67523985666397,0.665067622240203,0.67523985666397,0.670905097676569,0.67477748237198
0.667318872987478,0.675368962432916,0.667318872987478,0.675368962432916,0.676375223613596,0.622931574239714
0.652565609087348,0.63219741480611,0.652565609087348,0.63219741480611,0.672150411280846,0.666177046611829
0.625716519020323,0.648449713392392,0.625716519020323,0.648449713392392,0.650338718082335,0.648384575299635
0.699617834394904,0.698407643312102,0.699617834394904,0.698407643312102,0.734267515923567,0.687388535031847
0.6368088271758,0.649268534589636,0.6368088271758,0.649268534589636,0.673692040664518,0.63866848499876
0.645332269463125,0.690926706941753,0.645332269463125,0.690926706941753,0.692123560925567,0.695543143736464
0.646603563474388,0.67249443207127,0.646603563474388,0.67249443207127,0.700890868596882,0.679008908685969
0.688162451463952,0.683230139573932,0.694039248609508,0.683230139573932,0.710777626193724,0.66890544653164
0.644599102726332,0.635568848498792,0.644599102726332,0.635568848498792,0.648682848268722,0.6515012078684
0.685264583098274,0.677535823084734,0.685264583098274,0.677535823084734,0.719056752792508,0.691075256685095
0.641006752608963,0.660466543891958,0.641006752608963,0.660466543891958,0.683609576427256,0.668017188459177
0.621099977226144,0.628729218856752,0.621099977226144,0.628729218856752,0.658847642905944,0.633227055340469
0.691632129465167,0.664643773435958,0.691632129465167,0.664643773435958,0.684626011446615,0.693112295243734
0.658964224181615,0.679892571196919,0.658964224181615,0.679892571196919,0.655417046721395,0.68997668997669
0.716948228882834,0.684632152588556,0.716948228882834,0.684632152588556,0.715640326975477,0.685722070844687
0.665177574268483,0.687402278311369,0.665177574268483,0.687402278311369,0.666406075496985,0.657248157248157
0.671554102380709,0.614590783692654,0.671554102380709,0.614590783692654,0.661796260345356,0.499744559109022
0.687298747763864,0.661299940369708,0.687298747763864,0.661299940369708,0.65283243887895,0.670960047704234
0.640880641264961,0.684473481936972,0.640880641264961,0.684473481936972,0.683869550894916,0.6347864280224
0.642697132616487,0.653113799283154,0.642697132616487,0.653113799283154,0.682459677419355,0.67002688172043
0.700666419844502,0.698074787115883,0.700666419844502,0.698074787115883,0.71380970011107,0.701036653091448
0.600353000504286,0.640254664649521,0.600353000504286,0.640254664649521,0.615859808371155,0.649646999495714
0.648985870556062,0.665394257064722,0.648985870556062,0.665394257064722,0.67422515952598,0.683226982680036
0.728846153846154,0.710897435897436,0.728846153846154,0.710897435897436,0.716666666666667,0.726775147928994
0.664851916376307,0.663109756097561,0.664851916376307,0.663109756097561,0.700021777003484,0.675087108013937
0.670469798657718,0.649832214765101,0.670469798657718,0.649832214765101,0.713087248322148,0.652740492170022
0.708026638626008,0.651770066596565,0.708026638626008,0.651770066596565,0.659539665848814,0.664563617245005
0.690929255194957,0.659117441045996,0.690929255194957,0.659117441045996,0.700793836096194,0.66798972682699
0.696832332058984,0.687766247951939,0.696832332058984,0.687766247951939,0.706990715456035,0.697433096668487
0.667936938818125,0.661776988932971,0.667936938818125,0.661776988932971,0.641052411776989,0.653059093756525
0.720541488545435,0.710566699550586,0.720541488545435,0.710566699550586,0.755453250027403,0.734681574043626
0.64380075142407,0.66088958914071,0.64380075142407,0.66088958914071,0.665252696642831,0.647921464064962
0.616571205415256,0.677883363707368,0.616571205415256,0.677883363707368,0.631085654777402,0.679315282478521
0.690500923361034,0.687673130193906,0.690500923361034,0.687673130193906,0.714392890120037,0.696733610341644
0.622766860205449,0.67390576150067,0.622766860205449,0.67390576150067,0.653640017865118,0.669997766860205
